식당 이름,계정 ID,계정의 리뷰 수,방문 날짜,방문 횟수,인증 수단,리뷰 내용,리뷰 글자 수,리뷰 내 사진 유무,정제 리뷰,토큰,감성단어,감성점수,감성라벨
페르시안궁전,sun****,35,2026.04.10,1번째 방문,영수증,식당 인테리어가 정말 화려하고 현지에 온 거 같은 느낌이 드네요!!!ㅋㅋㅋㅋ 카레도 정말 맛있고 밥도 엄청 맛있습니다!!!!!! 카레 먹으러 또 올 거 같습니다,89,True,식당 인테리어가 정말 화려하고 현지에 온 거 같은 느낌이 드네요 카레도 정말 맛있고 밥도 엄청 맛있습니다 카레 먹으러 또 올 거 같습니다,"식당, 인테리어, 현지, 느낌, 카레, 맛있, 맛있, 카레","맛있, 맛있",4,긍정
페르시안궁전,thi****,7,2026.04.10,1번째 방문,영수증,"드디어 와본 페르시안 궁전! 통닭카레에 적셔먹는 난과 밥이 엄청 맛있다고 많이 들어서 기대를 많이 했는데, 기대보다 더 끝내주는 맛입니다~ 너무 만족스러운 식사였어요",92,True,드디어 와본 페르시안 궁전 통닭카레에 적셔먹는 난과 밥이 엄청 맛있다고 많이 들어서 기대를 많이 했는데 기대보다 더 끝내주는 맛입니다 너무 만족스러운 식사였어요,"페르시안, 궁전, 통닭, 카레, 적시, 맛있, 기대, 기대, 끝내주, 만족, 식사","맛있, 만족",4,긍정
페르시안궁전,떠나자아,35,2026.04.10,8번째 방문,영수증,몇번째 온건지 기억도 안나네요ㅋㅋ맛이야 말모~언제까지 다닐껀지도 확답못함요..나이가 너무 들어서 못올때까지 와서 먹을꺼같네요!!!짱맛,74,True,몇번째 온건지 기억도 안나네요 맛이야 말모 언제까지 다닐껀지도 확답못함요 나이가 너무 들어서 못올때까지 와서 먹을꺼같네요 짱맛,"기억, 언제, 다니, 확답, 나이",,0,중립
페르시안궁전,메롱이다aa,30,2026.04.10,1번째 방문,영수증,완전 페르시안궁전에 온 것 같아요..분위기짱 카레도 너무너무 맛있습니다ㅜㅜ 사장님도 친절하세요👍👍,54,True,완전 페르시안궁전에 온 것 같아요 분위기짱 카레도 너무너무 맛있습니다 사장님도 친절하세요,"페르시안, 궁전, 분위기, 카레, 맛있, 사장, 친절","맛있, 친절",4,긍정
페르시안궁전,열과옴살,34,2026.04.10,1번째 방문,영수증,"처음 와봤는데, 맛있게 먹고 갑니다. 분위기도 현지 분위기라 독특하고 신기해요!",44,True,처음 와봤는데 맛있게 먹고 갑니다 분위기도 현지 분위기라 독특하고 신기해요,"처음, 맛있, 분위기, 현지, 분위기, 독특",맛있,2,긍정
페르시안궁전,저글링2,16,2026.04.10,2번째 방문,영수증,인도식 커리 좋아해서 인도식 커리 가게 자주 다니는데 경복궁 왔다가 근처에서 유명하다길래 먹었습니다. 굉장히 맛있었고 가격도 괜찮은 편입니다. 다음에도 또 방문할거 같습니다,96,True,인도식 커리 좋아해서 인도식 커리 가게 자주 다니는데 경복궁 왔다가 근처에서 유명하다길래 먹었습니다 굉장히 맛있었고 가격도 괜찮은 편입니다 다음에도 또 방문할거 같습니다,"인도, 커리, 좋아하, 인도, 커리, 가게, 다니, 경복궁, 근처, 유명, 맛있, 가격, 괜찮, 다음, 방문","좋, 맛있",4,긍정
페르시안궁전,종석박,23,2026.04.10,1번째 방문,영수증,오랜만에 방문한 페르시안궁전! 역시 쿠비데케밥은 너무 맛있어요. 커리말고 케밥도 드셔보세요!,51,True,오랜만에 방문한 페르시안궁전 역시 쿠비데케밥은 너무 맛있어요 커리말고 케밥도 드셔보세요,"오랜만, 방문, 페르시안, 궁전, 쿠비데케밥, 맛있, 커리, 케밥, 드시",맛있,2,긍정
페르시안궁전,니까뮈체,39,2026.04.09,1번째 방문,영수증,궁금해서 처음 와봤는데 존맛입니당!! 또 와볼게오,27,True,궁금해서 처음 와봤는데 존맛입니당 또 와볼게오,처음,,0,중립
페르시안궁전,dlr****,20,2026.04.08,1번째 방문,영수증,유명해서 항상 와보고 싶었는데 처음 방문합니다 더들리 맛집 인증입니다 다음에 또 올게요~,49,True,유명해서 항상 와보고 싶었는데 처음 방문합니다 더들리 맛집 인증입니다 다음에 또 올게요,"유명, 처음, 방문, 더들리, 맛집, 인증, 다음",,0,중립
페르시안궁전,ekt****,21,2026.04.08,1번째 방문,영수증,인도카레가 땡겨서 왔는데 너무 맛있어요! 가게도 컨셉추알하게 꾸며져 있어서 구경하는 맛이 있었습니다ㅎㅎ 맛있게 잘 먹었습니당☺️,71,True,인도카레가 땡겨서 왔는데 너무 맛있어요 가게도 컨셉추알하게 꾸며져 있어서 구경하는 맛이 있었습니다 맛있게 잘 먹었습니당,"인도, 카레, 땡기, 맛있, 가게, 컨셉, 꾸미, 구경, 맛있","맛있, 맛있",4,긍정
페르시안궁전,최태원91,72,2026.04.08,1번째 방문,영수증,성대 앞 맛집 페르시안궁전 방문했어요 현지 스타일이고 기름에 튀기듯이 나온 밥이랑 매콤한 카레 궁합이 좋아요,60,True,성대 앞 맛집 페르시안궁전 방문했어요 현지 스타일이고 기름에 튀기듯이 나온 밥이랑 매콤한 카레 궁합이 좋아요,"성대, 맛집, 페르시안궁전, 방문, 현지, 스타일, 기름, 튀기, 나오, 카레, 궁합",,0,중립
페르시안궁전,be_****,47,2026.04.07,1번째 방문,영수증,"현지 느낌 낭낭한 이색 인테리어에 풍성한 양과 메뉴 구성, 대학로 데이트 맛집으로 추천해요!",51,True,현지 느낌 낭낭한 이색 인테리어에 풍성한 양과 메뉴 구성 대학로 데이트 맛집으로 추천해요,"현지, 느낌, 이색, 인테리어, 메뉴, 구성, 대학로, 데이트, 맛집, 추천",추천,2,긍정
페르시안궁전,qnrdj,24,2026.04.07,1번째 방문,영수증,대표메뉴인 양고기카레 시켜봤어요 카레맛 자체는 일반적인 카레맛이랑 비슷한데 맵기 선택이 폭넓어서 취향대로 먹을 수 있어요 양고기가 잡내 없이 부드럽고 카레를 넉넉하게 줘서 끝까지 촉촉하게 맛있게 먹었네요,113,True,대표메뉴인 양고기카레 시켜봤어요 카레맛 자체는 일반적인 카레맛이랑 비슷한데 맵기 선택이 폭넓어서 취향대로 먹을 수 있어요 양고기가 잡내 없이 부드럽고 카레를 넉넉하게 줘서 끝까지 촉촉하게 맛있게 먹었네요,"대표, 메뉴, 양고기, 카레, 시키, 카레, 자체, 일반, 카레, 비슷하, 선택, 취향, 고기, 잡내, 부드럽, 카레, 촉촉하, 맛있",맛있,2,긍정
페르시안궁전,잰8275,24,2026.04.07,1번째 방문,영수증,"인도 음식이 땡겨서 혜화 온 김에 맛집 찾아서 왔어요! 점심 시간대에 와서 점심특선으로 주문했는데, 메뉴 구성도 알차고 맛있었습니다🤤🤤 가끔 인도 음식점 가면 호불호 갈리는 맛이 있던데 여기는 그런거 없이 딱 맛있었어요 ㅎㅎ 특이한 노래 덕분에 인도 여행 온 기분으로 즐겼어요🤩",155,True,인도 음식이 땡겨서 혜화 온 김에 맛집 찾아서 왔어요 점심 시간대에 와서 점심특선으로 주문했는데 메뉴 구성도 알차고 맛있었습니다 가끔 인도 음식점 가면 호불호 갈리는 맛이 있던데 여기는 그런거 없이 딱 맛있었어요 특이한 노래 덕분에 인도 여행 온 기분으로 즐겼어요,"인도, 음식, 땡기, 혜화, 맛집, 점심, 시간대, 점심, 특선, 주문, 메뉴, 구성, 알차, 맛있, 인도, 음식점, 호불호, 갈리, 여기, 맛있, 특이, 노래, 덕분, 인도, 여행, 기분, 즐기","맛있, 맛있",4,긍정
페르시안궁전,kun****,30,2026.04.06,1번째 방문,영수증,"양고기커리, 치킨마크니 시켰는데 맛있어요! 인테리어도 너무 멋집니다👍🏻 인도에 온 기분이 나요♥️",54,True,양고기커리 치킨마크니 시켰는데 맛있어요 인테리어도 너무 멋집니다 인도에 온 기분이 나요,"양고기커리, 치킨마크, 시키, 맛있, 인테리어, 멋지, 인도, 기분",맛있,2,긍정
페르시안궁전,기현14,44,2026.04.06,1번째 방문,영수증,너무너무 맛있어용!! 역시 더들리 조합 짱맛 양고기카레도 맛있도 난도 맛있어요!!!,46,True,너무너무 맛있어용 역시 더들리 조합 짱맛 양고기카레도 맛있도 난도 맛있어요,"맛있, 들리, 조합, 양고기, 카레, 맛있, 맛있","맛있, 맛있, 맛있",6,긍정
페르시안궁전,ㅇㅇ295,29,2026.04.05,1번째 방문,영수증,색다른 치킨요리 드시려면 강추합니다. 맵기 2단계 적당했어요 재방문 의사 있습니다!,46,True,색다른 치킨요리 드시려면 강추합니다 맵기 2단계 적당했어요 재방문 의사 있습니다,"색다르, 치킨, 요리, 드시, 단계, 방문, 의사",,0,중립
페르시안궁전,검정머리다이애나,1316,2026.04.05,1번째 방문,영수증,대학로에서 오래된 맛집~ 오랜만에 와봤는데 여전히 그때그시절 그느낌ㅎㅎ 라이스케이크(누룽지)와 먹는 커리가 매력적입니다. 리뷰이벤트로 라씨를 제공해주세요.,86,True,대학로에서 오래된 맛집 오랜만에 와봤는데 여전히 그때그시절 그느낌 라이스케이크 누룽지 와 먹는 커리가 매력적입니다 리뷰이벤트로 라씨를 제공해주세요,"대학로, 맛집, 오랜만, 그때, 시절, 느낌, 라이스케이크, 누룽지, 커리, 매력, 리뷰, 이벤트, 라씨, 제공",,0,중립
페르시안궁전,박성주38,23,2026.04.05,1번째 방문,영수증,성대 정문 앞 이국적인 인테리어 덕분에 부모님과 여행 온 기분 냈네요! 내부도 쾌적하고 세트 메뉴 구성이 알차서 가족 모두 대만족이었습니다. 커리도 정말 맛있고 뻔한 외식 메뉴가 아니라 더 특별했어요. 부모님 모시고 가기 딱인 혜화 맛집으로 강추합니다!,141,True,성대 정문 앞 이국적인 인테리어 덕분에 부모님과 여행 온 기분 냈네요 내부도 쾌적하고 세트 메뉴 구성이 알차서 가족 모두 대만족이었습니다 커리도 정말 맛있고 뻔한 외식 메뉴가 아니라 더 특별했어요 부모님 모시고 가기 딱인 혜화 맛집으로 강추합니다,"성대, 정문, 이국, 인테리어, 덕분, 부모, 여행, 기분, 내부, 세트, 메뉴, 구성, 알차, 가족, 만족, 커리, 맛있, 외식, 메뉴, 아니, 특별, 부모, 모시, 혜화, 맛집","만족, 맛있",4,긍정
페르시안궁전,World of Ronny,152,2026.04.04,1번째 방문,예약,"오랜만에 인도 요리 먹고 싶어서 방문했는데 음식도 엄청 맛있고, 매장 인테리어가 정말 멋져요!",52,True,오랜만에 인도 요리 먹고 싶어서 방문했는데 음식도 엄청 맛있고 매장 인테리어가 정말 멋져요,"오랜만, 인도, 요리, 방문, 음식, 맛있, 매장, 인테리어, 멋지",맛있,2,긍정
페르시안궁전,joo****,12,2026.04.04,1번째 방문,영수증,들리햄 레전드 맛집입니다. 소문대로 너무 맛있습니다~~ 매운맛 2.5로 레전드 카레!!,48,True,들리햄 레전드 맛집입니다 소문대로 너무 맛있습니다 매운맛 2 5로 레전드 카레,"들리햄, 레전드, 맛집, 소문, 맛있, 레전드, 카레",맛있,2,긍정
페르시안궁전,soo****,33,2026.04.04,1번째 방문,영수증,이미 유명한 성대 맛집이지만 더들리 유튜브로 보고 더 궁금했던 페르시아 궁전입니다 다른 커리도 궁금한 게 많았지만 첫 방문이라 통닭카레정식을 시켰어요 색다른 치킨 요리를 찾으시는 분께 추천입니다 향신료 강하지 않아서 완전 한국인 맞춤이고요 인테리어와 사운드가 멋집니다 진짜 궁전에 온 거 같아요,164,True,이미 유명한 성대 맛집이지만 더들리 유튜브로 보고 더 궁금했던 페르시아 궁전입니다 다른 커리도 궁금한 게 많았지만 첫 방문이라 통닭카레정식을 시켰어요 색다른 치킨 요리를 찾으시는 분께 추천입니다 향신료 강하지 않아서 완전 한국인 맞춤이고요 인테리어와 사운드가 멋집니다 진짜 궁전에 온 거 같아요,"유명, 성대, 맛집, 들리, 유튜브, 페르시아, 궁전, 커리, 방문, 통닭, 카레, 정식, 시키, 색다르, 치킨, 요리, 추천, 향신료, 강하, 한국인, 맞춤, 인테리어, 사운드, 멋지, 궁전",추천,2,긍정
페르시안궁전,다이어트37,29,2026.04.04,1번째 방문,영수증,치킨카레세트 무조건 드세요. 더들리 추천 맛집일만 합니다. 저도 300번 올 것 같아요!,49,True,치킨카레세트 무조건 드세요 더들리 추천 맛집일만 합니다 저도 300번 올 것 같아요,"치킨, 카레, 세트, 드세, 더들리, 추천, 맛집",추천,2,긍정
페르시안궁전,정지원5863,8,2026.04.04,1번째 방문,영수증,"주말 점심에 왔는데 자리를 정말 빠르게 치워주셔서 금방 들어왔어요!! 사장님이 너무 친절하시고 재밌으셔서 일단 기분이 좋았고, 음식도 너무 맛있어요 무조건 재방문 할 예정입니다 ㅎㅎ",101,True,주말 점심에 왔는데 자리를 정말 빠르게 치워주셔서 금방 들어왔어요 사장님이 너무 친절하시고 재밌으셔서 일단 기분이 좋았고 음식도 너무 맛있어요 무조건 재방문 할 예정입니다,"주말, 점심, 자리, 빠르, 치우, 들어오, 사장, 친절, 재밌, 기분, 음식, 맛있, 방문, 예정","빠르, 친절, 맛있",5,긍정
페르시안궁전,Tae97,6,2026.04.03,1번째 방문,영수증,"사무실 근처에 있어서 가봐야지 가봐야지 하다가 드디어 와봤어요. 원래 인도커리보다는 일본커리를 선호했는데, 여기서 먹어보니 기존 생각이 변하네요. 너무 맛있어서 자주 오려구요. 내부도 깨끗하고 부모님 모시고 와도 될만큼 이국적인 느낌이 아주 훌륭합니다.",141,True,사무실 근처에 있어서 가봐야지 가봐야지 하다가 드디어 와봤어요 원래 인도커리보다는 일본커리를 선호했는데 여기서 먹어보니 기존 생각이 변하네요 너무 맛있어서 자주 오려구요 내부도 깨끗하고 부모님 모시고 와도 될만큼 이국적인 느낌이 아주 훌륭합니다,"사무실, 근처, 인도커리, 일본커리, 선호, 여기, 기존, 생각, 변하, 맛있, 내부, 부모, 모시, 만큼, 이국, 느낌",맛있,2,긍정
페르시안궁전,cadenzah,14,2026.04.03,1번째 방문,영수증,카레가 엄청 맛있어요 양고기카레 굿~ 그리고 이색적인 분위기 독보적입니다 ㅎㅎ 근처에 찾아보기힘든곳,55,True,카레가 엄청 맛있어요 양고기카레 굿 그리고 이색적인 분위기 독보적입니다 근처에 찾아보기힘든곳,"카레, 맛있, 양고기, 카레, 이색, 분위기, 독보, 근처, 찾아보, 힘들",맛있,2,긍정
페르시안궁전,germinal,51,2026.04.03,5번째 방문,영수증,언제나 너무 맛있어요!,12,True,언제나 너무 맛있어요,맛있,맛있,2,긍정
페르시안궁전,빠나나161,28,2026.04.03,1번째 방문,영수증,더들리 유튜브 보고 알게된 곳으로 한번 와보고싶어서 저장해뒀는데 역시 맛있어요! 맵기 조절도 세분화되어있고 사장님도 친절하셔서 대학로 주변 놀러오시면 함 드셔보세요!,92,True,더들리 유튜브 보고 알게된 곳으로 한번 와보고싶어서 저장해뒀는데 역시 맛있어요 맵기 조절도 세분화되어있고 사장님도 친절하셔서 대학로 주변 놀러오시면 함 드셔보세요,"들리, 유튜브, 저장, 맛있, 조절, 세분, 사장, 친절, 대학로, 주변, 드시","맛있, 친절",4,긍정
페르시안궁전,성유준33,6,2026.04.03,1번째 방문,영수증,페르시안 궁전 제 최애 카레맛집이에요! 인테리어도 현지느낌나고 좋습니다 ㅎㅎ,42,True,페르시안 궁전 제 최애 카레맛집이에요 인테리어도 현지느낌나고 좋습니다,"페르시안, 궁전, 최애, 카레, 맛집, 인테리어, 현지, 느낌",,0,중립
페르시안궁전,앙푸앙푸,12,2026.04.03,1번째 방문,영수증,페르시안 궁전 방문해봤습니다! 기본 통닭 카레가 맛있다고 추천받아 방문해봤는데 역시 너무맛있었습니다! 카레도 정통 맛이 느껴져요!,72,True,페르시안 궁전 방문해봤습니다 기본 통닭 카레가 맛있다고 추천받아 방문해봤는데 역시 너무맛있었습니다 카레도 정통 맛이 느껴져요,"페르시안, 궁전, 방문, 기본, 통닭, 카레, 맛있, 추천, 방문, 맛있, 카레, 정통, 느끼","맛있, 추천, 맛있, 느끼",5,긍정
페르시안궁전,해리48,28,2026.04.03,1번째 방문,영수증,카레 맵기 2.0으로 약간 매콤하니 맛있어요!! 누룽지 같은 라이스케익도 먹었는데 고소하니 신기한 맛이에요🤭 식당갔는데 다 이 메뉴 드시고 계셔서 반가웠습디다 ㅋㅋ,91,True,카레 맵기 2 0으로 약간 매콤하니 맛있어요 누룽지 같은 라이스케익도 먹었는데 고소하니 신기한 맛이에요 식당갔는데 다 이 메뉴 드시고 계셔서 반가웠습디다,"카레, 매콤하, 맛있, 누룽지, 라이스, 케익, 고소하, 식당, 메뉴, 드시, 계시, 반갑",맛있,2,긍정
페르시안궁전,Dr JunHyuk Lee,35,2026.04.02,1번째 방문,영수증,인도밥 식감 매우 특이합니다 카레는 향신료 그렇게 강하지 않아 한국인들에게 호불호는 없을 맛입니다 점심 가성비 좋네요ㅎ,66,True,인도밥 식감 매우 특이합니다 카레는 향신료 그렇게 강하지 않아 한국인들에게 호불호는 없을 맛입니다 점심 가성비 좋네요,"인도, 식감, 카레, 향신료, 그렇, 강하, 한국인, 호불호, 점심, 가성비",가성비,2,긍정
페르시안궁전,tlsfkaus0824,23,2026.04.02,1번째 방문,영수증,인도 음식이 먹고 싶어서 전부터 맛집 리스트에 넣어놨는데 양도 푸짐하고 맛있게 잘 먹었습니다☺️ 생각 날때마다 찾아올 것 같아요!,72,True,인도 음식이 먹고 싶어서 전부터 맛집 리스트에 넣어놨는데 양도 푸짐하고 맛있게 잘 먹었습니다 생각 날때마다 찾아올 것 같아요,"인도, 음식, 맛집, 리스트, 맛있, 생각, 찾아오",맛있,2,긍정
페르시안궁전,나미9755,81,2026.04.02,1번째 방문,영수증,"성균관대 정문 앞에 있는 이란 카레 페르시안 궁전에 왔어요. 2인 세트 메뉴인 통닭카레정식이랑 난, 라씨, 자프란 아이스크림을 주문했어요. 카레 맵기는 2.2 신라면 정도로 했어요. 먹어보니 신라면보다는 아주 조금 덜 매웠어요. 카레 맛을 보고 처음엔 우리가 먹었던 그 일반적인 카레 맛초럼 느껴졌었는데 닭고기를 먹고 난 뒤부터는 아주 새로운 맛이 됐어요. 그 다음부터 라이스, 난이랑 먹었는데 완전 새로운 맛이 났어요. 밥이랑 난은 탄 부분이 아주 고소하니 맛있었어요. 라씨는 요거트에 버터를 믹스한 것처럼 고소했습니다. 자프란 아이스크림은 진짜 꽃향기가 진해 꿀이 들어있는 것 같은 착각을 일으키는 맛이었습니다. 완전 신세계였습니다 ㅎㅎ",358,True,성균관대 정문 앞에 있는 이란 카레 페르시안 궁전에 왔어요 2인 세트 메뉴인 통닭카레정식이랑 난 라씨 자프란 아이스크림을 주문했어요 카레 맵기는 2 2 신라면 정도로 했어요 먹어보니 신라면보다는 아주 조금 덜 매웠어요 카레 맛을 보고 처음엔 우리가 먹었던 그 일반적인 카레 맛초럼 느껴졌었는데 닭고기를 먹고 난 뒤부터는 아주 새로운 맛이 됐어요 그 다음부터 라이스 난이랑 먹었는데 완전 새로운 맛이 났어요 밥이랑 난은 탄 부분이 아주 고소하니 맛있었어요 라씨는 요거트에 버터를 믹스한 것처럼 고소했습니다 자프란 아이스크림은 진짜 꽃향기가 진해 꿀이 들어있는 것 같은 착각을 일으키는 맛이었습니다 완전 신세계였습니다,"성균관대, 정문, 이란, 카레, 페르시안, 궁전, 세트, 메뉴, 통닭, 카레, 정식, 라씨, 자프, 아이스크림, 주문, 카레, 신라면, 정도, 신라면, 카레, 처음, 우리, 일반, 카레, 느끼, 닭고기, 새롭, 다음, 라이스, 새롭, 부분, 고소하, 맛있, 요거트, 버터, 믹스, 고소, 자프, 아이스크림, 향기, 진하, 착각, 일으키, 신세계","느끼, 맛있",1,긍정
페르시안궁전,수능생,7,2026.04.02,1번째 방문,영수증,독특한 인테리어가 인상적인 페르시안 궁전입니다. 정말 맛있습니다 카레맛은 우리가 아는 친숙한 카레맛인데 이 닭과 라이스케이크가 정말 별미입니다. 맵기는 보통으로 시켰는데 맛있습니다. 치킨 퀄리티가 너무 좋아서 꼭 생각날거같은 맛입니다. 다음에 혜화쪽 온다면 재방문 할듯 합니다,154,True,독특한 인테리어가 인상적인 페르시안 궁전입니다 정말 맛있습니다 카레맛은 우리가 아는 친숙한 카레맛인데 이 닭과 라이스케이크가 정말 별미입니다 맵기는 보통으로 시켰는데 맛있습니다 치킨 퀄리티가 너무 좋아서 꼭 생각날거같은 맛입니다 다음에 혜화쪽 온다면 재방문 할듯 합니다,"독특, 인테리어, 인상, 페르시아, 궁전, 맛있, 카레, 우리, 친숙, 카레, 라이스, 케이크, 별미, 보통, 시키, 맛있, 치킨, 퀄리티, 생각나, 다음, 혜화, 방문","맛있, 맛있",4,긍정
페르시안궁전,클레이스,25,2026.04.02,1번째 방문,영수증,성대앞 치킨이 한마리가 통으로 들어가는 치킨카레로 유명한 페르시아궁전! 2.5단계로 먹었는데 고소하게 잘 튀겨진 닭과 바삭하면서 꼬들한 라이스케잌을 같이 먹어서그런지 매콤하면서 고소~한 풍미가 아주 좋았습니다! 인도풍보다는 누룽지통닭카레라고 생각하면 훨씬더 직관적이고 맛있게 느껴지는 것 같아요! 닭도 제법 크니 꼭 한번 드셔보세요!,186,True,성대앞 치킨이 한마리가 통으로 들어가는 치킨카레로 유명한 페르시아궁전 2 5단계로 먹었는데 고소하게 잘 튀겨진 닭과 바삭하면서 꼬들한 라이스케잌을 같이 먹어서그런지 매콤하면서 고소 한 풍미가 아주 좋았습니다 인도풍보다는 누룽지통닭카레라고 생각하면 훨씬더 직관적이고 맛있게 느껴지는 것 같아요 닭도 제법 크니 꼭 한번 드셔보세요,"성대, 치킨, 마리, 들어가, 치킨, 카레, 유명, 페르시아, 궁전, 단계, 고소하, 튀기, 라이스, 케잌, 그렇, 매콤하, 풍미, 인도, 누룽지, 통닭, 카레, 생각, 직관, 맛있, 느끼, 드시","맛있, 느끼",1,긍정
페르시안궁전,쏜9499,47,2026.04.01,1번째 방문,영수증,유명한집이라 소문만듣다가드디어왓어요!! 맛있어요 양많구 난이미침 ㅜ,37,True,유명한집이라 소문만듣다가드디어왓어요 맛있어요 양많구 난이미침,"유명, 소문, 맛있, 미치",맛있,2,긍정
페르시안궁전,쿵해쪄359,69,2026.04.01,1번째 방문,영수증,처음왓는데 분위기부터 인도에 와잇는거같아요. 맛도잇어요 잘먹었습니다,37,True,처음왓는데 분위기부터 인도에 와잇는거같아요 맛도잇어요 잘먹었습니다,"처음, 분위기, 인도",,0,중립
페르시안궁전,가을하늘MIN,37,2026.03.30,1번째 방문,영수증,"늘 오면서도 기대하게 되는 맛입니다. 오늘은 특별히 무화과 소주도 곁들였는데, 은은한 향이 카레와 잘 어울리네요. 잘 먹었습니다👍",72,True,늘 오면서도 기대하게 되는 맛입니다 오늘은 특별히 무화과 소주도 곁들였는데 은은한 향이 카레와 잘 어울리네요 잘 먹었습니다,"기대, 오늘, 무화과, 소주, 곁들이, 카레, 어울리",,0,중립
페르시안궁전,부부붕92,17,2026.03.30,1번째 방문,영수증,"역시 유명한데에는 이유가있는거 같아요. 난도 바삭하고 카레는 한국인 입맛에도 호불호 없이 먹을수 있을거 같아요! 양고기카레랑 닭반마리 선택 했는데, 다음엔 다른메뉴도 먹어봐야겠어요!",101,True,역시 유명한데에는 이유가있는거 같아요 난도 바삭하고 카레는 한국인 입맛에도 호불호 없이 먹을수 있을거 같아요 양고기카레랑 닭반마리 선택 했는데 다음엔 다른메뉴도 먹어봐야겠어요,"유명, 이유, 카레, 한국인, 입맛, 호불호, 양고기, 카레, 마리, 선택, 다음, 메뉴",,0,중립
페르시안궁전,인생역전32,53,2026.03.30,1번째 방문,영수증,카레를 너무 좋아해서 유튜브보고 와봤는데 너무 맛있네요~^^ 분위기랑 노래가 현지 와있는거 같구요 뭐 시켜야 될지 모르는 분들은 시그니쳐메뉴인 통닭정식 시키면 되겠습니당 맵찔이들은 2단계 이하 추천드려요 맵기단계 2.0 주문했는데 맵찔이 입에는 살짝 매콤하네요ㅎㅎ,147,True,카레를 너무 좋아해서 유튜브보고 와봤는데 너무 맛있네요 분위기랑 노래가 현지 와있는거 같구요 뭐 시켜야 될지 모르는 분들은 시그니쳐메뉴인 통닭정식 시키면 되겠습니당 맵찔이들은 2단계 이하 추천드려요 맵기단계 2 0 주문했는데 맵찔이 입에는 살짝 매콤하네요,"카레, 좋아하, 유튜브, 맛있, 분위기, 노래, 현지, 시키, 모르, 시그니쳐, 메뉴, 통닭, 정식, 시키, 단계, 이하, 추천, 드리, 단계, 주문, 맵찔, 매콤하","좋, 맛있, 추천",6,긍정
페르시안궁전,121****,17,2026.03.29,1번째 방문,영수증,가격도 착하고 메뉴도 다양해요 세트 메뉴도 다음에 먹어보고 싶어지네요 사장님께서 인사해주시고 말걸어주셔서 재밌어요,63,True,가격도 착하고 메뉴도 다양해요 세트 메뉴도 다음에 먹어보고 싶어지네요 사장님께서 인사해주시고 말걸어주셔서 재밌어요,"가격, 착하, 메뉴, 다양, 세트, 메뉴, 다음, 사장, 인사, 재밌",,0,중립
페르시안궁전,5162134481,36,2026.03.29,1번째 방문,영수증,카레 맛이 굉장히 진하고 굽기가 조아요,21,True,카레 맛이 굉장히 진하고 굽기가 조아요,"카레, 진하, 조아",,0,중립
페르시안궁전,JNNing,81,2026.03.29,1번째 방문,영수증,유명 해서 와 봤는데 너무 맛있고 색다른 메뉴가 있어서 좋았어요 두 명세트 너무 너무 맛있고 닭튀김 정도도 아주 좋았어요. 버터난 추가도 존맛탱😆,81,True,유명 해서 와 봤는데 너무 맛있고 색다른 메뉴가 있어서 좋았어요 두 명세트 너무 너무 맛있고 닭튀김 정도도 아주 좋았어요 버터난 추가도 존맛탱,"유명, 맛있, 색다르, 메뉴, 세트, 맛있, 튀김, 정도, 버터, 추가","맛있, 맛있",4,긍정
페르시안궁전,gue****,2,2026.03.29,1번째 방문,영수증,너무 맛있어요! 치즈난이랑 팔락파니르랑 먹으면 고소함이 두 배! 치킨 마크니 칼칼하게 맵싹해서 무한으로 들어갑니다 가게 인테리어도 예쁘고 자리도 널찍해서 최고예요!,91,True,너무 맛있어요 치즈난이랑 팔락파니르랑 먹으면 고소함이 두 배 치킨 마크니 칼칼하게 맵싹해서 무한으로 들어갑니다 가게 인테리어도 예쁘고 자리도 널찍해서 최고예요,"맛있, 치즈, 팔락파니르, 고소하, 치킨, 마크니, 칼칼하, 무한, 들어가, 가게, 인테리어, 예쁘, 자리, 최고","맛있, 최고",5,긍정
페르시안궁전,lalallie,47,2026.03.29,1번째 방문,영수증,초2 아이도 잘먹네요 보통맛! 맛있어용,21,True,초2 아이도 잘먹네요 보통맛 맛있어용,"아이, 맛있",맛있,2,긍정
페르시안궁전,물구름20,29,2026.03.29,1번째 방문,영수증,통닭과 카레의 조화가 굳입니다! 중독적인 맛이에요,27,True,통닭과 카레의 조화가 굳입니다 중독적인 맛이에요,"통닭, 카레, 조화, 중독",,0,중립
페르시안궁전,우리집오징어,19,2026.03.29,1번째 방문,영수증,"창덕궁 구경하고 방문한 식당인데, 너무너무 맛있어요 !! 가게 외관부터 완전 맛집 느낌 잔뜩이예요 사장님도 친절하시고 다음엔 다른 메뉴 꼭 먹어볼게요 😋😋",86,True,창덕궁 구경하고 방문한 식당인데 너무너무 맛있어요 가게 외관부터 완전 맛집 느낌 잔뜩이예요 사장님도 친절하시고 다음엔 다른 메뉴 꼭 먹어볼게요,"창덕궁, 구경, 방문, 식당, 맛있, 가게, 외관, 맛집, 느낌, 사장, 친절, 다음, 메뉴","맛있, 친절",4,긍정
페르시안궁전,워더62,318,2026.03.29,1번째 방문,영수증,생맥 4천원에 양도 많고 맛도 좋아요 강추합니다👍 입구부터 이색적인 분위기가 인상적이었어요 커리와 케밥 모두 한국식과는 다른 매력이 있어서 색다른 식사를 즐기기 좋았습니다. 버터난도 맛있었어요,107,True,생맥 4천원에 양도 많고 맛도 좋아요 강추합니다 입구부터 이색적인 분위기가 인상적이었어요 커리와 케밥 모두 한국식과는 다른 매력이 있어서 색다른 식사를 즐기기 좋았습니다 버터난도 맛있었어요,"생맥, 입구, 이색, 분위기, 인상, 커리, 케밥, 한국식, 다르, 매력, 색다르, 식사, 즐기, 버터난, 맛있",맛있,2,긍정
페르시안궁전,킹다람쥐천,312,2026.03.29,1번째 방문,영수증,우와...!!!너무너무 맛있어요!! 양이 많을 것 같아서 2인이서 통닭정식 시켰는데 그냥 사랑세트 시키세요 맛있어서 그냥 훅훅 들어갑니다! 신라면 맵기로 시켰는데 딱 기분좋은 매콤함이에요~ 맵찔이도 즐기기 좋았습니다!,121,True,우와 너무너무 맛있어요 양이 많을 것 같아서 2인이서 통닭정식 시켰는데 그냥 사랑세트 시키세요 맛있어서 그냥 훅훅 들어갑니다 신라면 맵기로 시켰는데 딱 기분좋은 매콤함이에요 맵찔이도 즐기기 좋았습니다,"맛있, 통닭, 정식, 시키, 사랑세트, 시키, 맛있, 들어가, 신라면, 시키, 기분, 매콤하, 맵찔이, 즐기","맛있, 맛있",4,긍정
페르시안궁전,함유유,13,2026.03.29,1번째 방문,영수증,유튜브 보고 방문했습니다 골목에 이런곳이 찾아가는 재미가 있었고 사장님이 정말 친절하세요 👍👍 차랑 시그니처 메뉴인 통닭 난시켜서 먹었는데 너무 맛있었습니다,87,True,유튜브 보고 방문했습니다 골목에 이런곳이 찾아가는 재미가 있었고 사장님이 정말 친절하세요 차랑 시그니처 메뉴인 통닭 난시켜서 먹었는데 너무 맛있었습니다,"유튜브, 방문, 골목, 찾아가, 재미, 사장, 친절, 시그니처, 메뉴, 통닭, 시키, 맛있","친절, 맛있",4,긍정
페르시안궁전,DailyMarker,36,2026.03.28,1번째 방문,영수증,처음 와봤는데 정말 분위기가 궁전같아요~~! 맵기도 선택할 수 있어서 좋네요 ㅎㅎ 맛있어요!,51,True,처음 와봤는데 정말 분위기가 궁전같아요 맵기도 선택할 수 있어서 좋네요 맛있어요,"처음, 분위기, 궁전, 선택, 맛있",맛있,2,긍정
페르시안궁전,duddl0403,35,2026.03.28,1번째 방문,영수증,유튜브 더들리 보고 근처에 온 김에 방문했어요! 여기 통닭 한마리가 유명하길래 시켜서 먹어봤는데 맛있어요!! 인도가 아니라 이란식은 첨 먹어봤는데 재방문할 것 같아요 ㅎㅎ,95,True,유튜브 더들리 보고 근처에 온 김에 방문했어요 여기 통닭 한마리가 유명하길래 시켜서 먹어봤는데 맛있어요 인도가 아니라 이란식은 첨 먹어봤는데 재방문할 것 같아요,"유튜브, 들리, 근처, 방문, 여기, 통닭, 마리, 유명, 시키, 맛있, 인도, 아니, 이란, 방문",맛있,2,긍정
페르시안궁전,hyun051,44,2026.03.27,1번째 방문,영수증,카레 2.5단계 먹었어요! 생각보다 안매워서 다음에 윗 단계 도전해보려고요! 특이한 메뉴가 많아서 좋아요. 라이스케익은 꼭 시키세요!!! 맥주도 너무 시원하고 맛있어요!! 자주 오고싶어요,104,True,카레 2 5단계 먹었어요 생각보다 안매워서 다음에 윗 단계 도전해보려고요 특이한 메뉴가 많아서 좋아요 라이스케익은 꼭 시키세요 맥주도 너무 시원하고 맛있어요 자주 오고싶어요,"카레, 단계, 생각, 다음, 단계, 도전, 특이, 메뉴, 라이스, 케익, 시키, 맥주, 시원하, 맛있",맛있,2,긍정
페르시안궁전,ksy****,45,2026.03.27,1번째 방문,영수증,컨셉이 독특하고 가끔 생각나요 지난번에는 통닭을 인먹었는데 이번에 와서먹으니 맛있네욥,47,True,컨셉이 독특하고 가끔 생각나요 지난번에는 통닭을 인먹었는데 이번에 와서먹으니 맛있네욥,"컨셉, 독특, 생각나, 지난번, 통닭, 이번, 맛있",맛있,2,긍정
페르시안궁전,PB246,54,2026.03.26,1번째 방문,영수증,음식이 되게 맛있고 음악부터 인테리어까지 진짜 페르시안 궁전에 있는 줄 알아요 너무너무 예뻐요!!! 사장님 진짜 감각이 있다👍👍,71,True,음식이 되게 맛있고 음악부터 인테리어까지 진짜 페르시안 궁전에 있는 줄 알아요 너무너무 예뻐요 사장님 진짜 감각이 있다,"음식, 맛있, 음악, 인테리어, 페르시안, 궁전, 예쁘, 사장, 감각",맛있,2,긍정
페르시안궁전,ihj****,8,2026.03.26,1번째 방문,영수증,"대학로 올 때마다 들르는 찐 맛집입니다! 입구부터 이국적인 분위기가 압도적이고, 커리 향이 정말 깊어요. 매운맛 조절이 세밀하게 돼서 입맛에 딱 맞게 먹을 수 있는 게 큰 장점입니다. 난도 쫄깃하고 밥이랑 같이 먹으면 한 그릇 뚝딱이에요. 사장님도 친절하셔서 기분 좋게 식사하고 갑니다!",160,True,대학로 올 때마다 들르는 찐 맛집입니다 입구부터 이국적인 분위기가 압도적이고 커리 향이 정말 깊어요 매운맛 조절이 세밀하게 돼서 입맛에 딱 맞게 먹을 수 있는 게 큰 장점입니다 난도 쫄깃하고 밥이랑 같이 먹으면 한 그릇 뚝딱이에요 사장님도 친절하셔서 기분 좋게 식사하고 갑니다,"대학로, 들르, 맛집, 입구, 이국, 분위기, 압도, 커리, 조절, 입맛, 장점, 쫄깃하, 그릇, 사장, 친절, 기분, 식사",친절,2,긍정
페르시안궁전,주뱅88,92,2026.03.26,1번째 방문,영수증,혜화 맛집이라고 친구랑 먼길 걸어 왔어요ㅎㅎ 들어오자마다 맛집 느낌이 막 들어요~ 먹어보니 맛집 맞아용ㅋㅋ♡ 다음에 또 오고싶어요~,73,True,혜화 맛집이라고 친구랑 먼길 걸어 왔어요 들어오자마다 맛집 느낌이 막 들어요 먹어보니 맛집 맞아용 다음에 또 오고싶어요,"혜화, 맛집, 친구, 들어오, 맛집, 느낌, 다음",,0,중립
페르시안궁전,먕먕0525,10,2026.03.25,1번째 방문,영수증,"처음 와보는데 이국적인 분위기가 너무 좋네요~인기있는 통닭카레정식과 버터난,페르시안생맥주 주문해봤어요~냄새가 매우 좋네요~",68,True,처음 와보는데 이국적인 분위기가 너무 좋네요 인기있는 통닭카레정식과 버터난 페르시안생맥주 주문해봤어요 냄새가 매우 좋네요,"처음, 이국, 분위기, 인기, 통닭, 카레, 정식, 버터난, 페르시안, 맥주, 주문, 냄새",,0,중립
페르시안궁전,지시지,101,2026.03.25,2번째 방문,영수증,벌써 두 번째 방문이네요. 너무 맛있어서 친구도 데려왔어요. 밥도 맛있고 난도 맛있고 모든 메뉴가 다 맛있지만. 특히 시금치 카레와 라씨를 강추해요,82,True,벌써 두 번째 방문이네요 너무 맛있어서 친구도 데려왔어요 밥도 맛있고 난도 맛있고 모든 메뉴가 다 맛있지만 특히 시금치 카레와 라씨를 강추해요,"방문, 맛있, 친구, 데려오, 맛있, 맛있, 메뉴, 맛있, 시금치, 카레","맛있, 맛있, 맛있, 맛있",8,긍정
페르시안궁전,폼폼여행,1057,2026.03.25,1번째 방문,영수증,"두명이서 버터치킨커리 &amp; 양고기커리에 각각 마늘난, 치즈난을 주문해서 먹었어요. 현지 맛과 분위기를 느낄 수 있는 명륜동 맛집✨",75,True,두명이서 버터치킨커리 양고기커리에 각각 마늘난 치즈난을 주문해서 먹었어요 현지 맛과 분위기를 느낄 수 있는 명륜동 맛집,"버터치킨커리, 양고기커리, 마늘난, 치즈, 주문, 현지, 분위기, 느끼, 명륜동, 맛집",느끼,-1,부정
페르시안궁전,해일주의보,11,2026.03.25,1번째 방문,영수증,벌써 세번째 방문입니다 너무 맛있고 인테리어도 이국적이어서 올 때마다 특별한 경험을 하고 가는 느낌입니다. 혜화 근처 올 일 있으면 한번 들러보세용🤤,83,True,벌써 세번째 방문입니다 너무 맛있고 인테리어도 이국적이어서 올 때마다 특별한 경험을 하고 가는 느낌입니다 혜화 근처 올 일 있으면 한번 들러보세용,"방문, 맛있, 인테리어, 이국, 특별, 경험, 느낌, 혜화, 근처, 들르",맛있,2,긍정
페르시안궁전,김효진53,7,2026.03.23,1번째 방문,영수증,"오뚜기3분카레에 적응된 한국인도 부담없이 먹을수있는 카레맛집, 언밸랜스한 디자인의 궁전 속에서 이란 특유의 카레가 로컬화된 상태를 즐길수있는곳. 닭이 맛있어요 2인 카페 추천.",98,True,오뚜기3분카레에 적응된 한국인도 부담없이 먹을수있는 카레맛집 언밸랜스한 디자인의 궁전 속에서 이란 특유의 카레가 로컬화된 상태를 즐길수있는곳 닭이 맛있어요 2인 카페 추천,"오뚜기, 카레, 적응, 한국인, 부담, 카레, 맛집, 언밸랜스, 디자인, 궁전, 이란, 특유, 카레, 로컬, 상태, 즐기, 맛있, 카페, 추천","맛있, 추천",4,긍정
페르시안궁전,밤보링48,31,2026.03.23,1번째 방문,영수증,"어릴때부터 다니던 정통 카레 맛집이에요! 치킨통닭카레랑 누룽지 같이 먹으면 정말 맛있습니다! 양고기카레도 냄새 안나고 맛있네요, 성대맛집으로 완전 강추❤️❤️❤️",90,True,어릴때부터 다니던 정통 카레 맛집이에요 치킨통닭카레랑 누룽지 같이 먹으면 정말 맛있습니다 양고기카레도 냄새 안나고 맛있네요 성대맛집으로 완전 강추,"어리, 다니, 정통, 카레, 맛집, 치킨, 통닭, 카레, 누룽지, 맛있, 양고기, 카레, 냄새, 맛있, 성대, 맛집","맛있, 맛있",4,긍정
페르시안궁전,아버5722,15,2026.03.23,1번째 방문,영수증,인도 카레 처음 먹어보는데 입맛에 잘 맞네요! 앞으로도 자주 올게요 ㅎㅎ 맛있게 잘 먹었습니다~~,54,True,인도 카레 처음 먹어보는데 입맛에 잘 맞네요 앞으로도 자주 올게요 맛있게 잘 먹었습니다,"인도, 카레, 처음, 입맛, 맛있",맛있,2,긍정
페르시안궁전,ih****,23,2026.03.22,1번째 방문,영수증,장점이 너무 많아서 우선순위를 어찌해야할지..ㅎㅎ 일단 인테리어가 튀르키예에 여행온듯한 기분을 낼 수 있습니다~ 커리도 맛있고 화덕에 구운 누룽지밥과 난도 은은한 불냄새가 배어 고소하고 맛있어요. 특히 페르시안 생맥!! 산뜻한 맛으로 커리와 아주 잘 어울립니다~,146,True,장점이 너무 많아서 우선순위를 어찌해야할지 일단 인테리어가 튀르키예에 여행온듯한 기분을 낼 수 있습니다 커리도 맛있고 화덕에 구운 누룽지밥과 난도 은은한 불냄새가 배어 고소하고 맛있어요 특히 페르시안 생맥 산뜻한 맛으로 커리와 아주 잘 어울립니다,"장점, 순위, 인테리어, 튀르키예, 여행, 기분, 커리, 맛있, 화덕, 누룽지, 냄새, 맛있, 페르시안, 생맥, 커리, 어울리","맛있, 맛있",4,긍정
페르시안궁전,jay****,185,2026.03.22,1번째 방문,영수증,조카양 생일 모임하기 위해 조카 최애 식당에 왔어요 처음 와봤는데 분위기 넘 멋지고 음식들도 다 바로 만들어 나오고 다 맛있어요. 손님들도 무척 많은데 회전도 빠르고 완전 반하고 되네요. 자주 오고 싶어지는곳입니다,119,True,조카양 생일 모임하기 위해 조카 최애 식당에 왔어요 처음 와봤는데 분위기 넘 멋지고 음식들도 다 바로 만들어 나오고 다 맛있어요 손님들도 무척 많은데 회전도 빠르고 완전 반하고 되네요 자주 오고 싶어지는곳입니다,"조카, 생일, 모임, 위하, 조카, 식당, 처음, 분위기, 멋지, 음식, 만들, 나오, 맛있, 회전, 빠르, 완전","맛있, 빠르",3,긍정
페르시안궁전,somrrii98,33,2026.03.22,1번째 방문,영수증,친구한테 추천받아서 왔어요!! 현지느낌 진짜 낭낭하고 ㅋㅋ 사장님 유쾌하신 것 같아용 카레는 한국인 입맛에도 잘 맞고 밥이 신기한게 누룽지?!느낌이랑 더 맛있는 것 같아용 호불호 없을 맛!,105,True,친구한테 추천받아서 왔어요 현지느낌 진짜 낭낭하고 사장님 유쾌하신 것 같아용 카레는 한국인 입맛에도 잘 맞고 밥이 신기한게 누룽지 느낌이랑 더 맛있는 것 같아용 호불호 없을 맛,"친구, 추천, 현지, 느낌, 사장, 카레, 한국인, 입맛, 누룽지, 느낌, 맛있, 호불호","추천, 맛있",4,긍정
페르시안궁전,히동이동,40,2026.03.22,1번째 방문,영수증,친구가 좋아하는 유튜버가 300번 이상 방문했다고 해서 봄나들이 겸 왔어요!! 맛있게 잘먹었슴니다❣️,56,True,친구가 좋아하는 유튜버가 300번 이상 방문했다고 해서 봄나들이 겸 왔어요 맛있게 잘먹었슴니다,"친구, 좋아하, 유튜버, 이상, 방문, 나들이, 맛있","좋, 맛있",4,긍정
페르시안궁전,205671,27,2026.03.21,1번째 방문,영수증,맛있어요!! 1단계로 하니 살짝 매콤한 돈까스소스맛이에요ㅎㅎ 웨이팅도 거의 안했어요!!,48,True,맛있어요 1단계로 하니 살짝 매콤한 돈까스소스맛이에요 웨이팅도 거의 안했어요,"맛있, 단계, 매콤하, 돈까스, 소스, 웨이팅",맛있,2,긍정
페르시안궁전,Toss97,55,2026.03.21,1번째 방문,영수증,양이많고 너무 맛있어요!! 재방문 할래요ㅎㅎㅎ,25,True,양이많고 너무 맛있어요 재방문 할래요,"맛있, 방문",맛있,2,긍정
페르시안궁전,cor****,24,2026.03.21,1번째 방문,영수증,맛있어용 주변에서 왜 가보라고하는지 알겠습니다😃,26,True,맛있어용 주변에서 왜 가보라고하는지 알겠습니다,"맛있, 주변",맛있,2,긍정
페르시안궁전,gan****,37,2026.03.21,1번째 방문,영수증,맛있어요 탄두리치킨 처음인데 불맛나고 토마토도 맛있아요 전 사실 사프란 아이스크림 먹으려고와요,52,True,맛있어요 탄두리치킨 처음인데 불맛나고 토마토도 맛있아요 전 사실 사프란 아이스크림 먹으려고와요,"맛있, 탄두리치킨, 처음, 토마토, 맛있, 사프란, 아이스크림","맛있, 맛있",4,긍정
페르시안궁전,pro****,3,2026.03.21,1번째 방문,영수증,유튜브로 보고 궁금해서 왔어요! 통닭 정식이랑 난을 시켰고 맛은 생각했던 것보다 훨씬 맛있고 라이스도 빠작빠작 씹는 맛이 있었습니다!! 난도 쫄깃해서 좋았어용!! 담에 또 올만한 가치가 있습니다👍👍,110,True,유튜브로 보고 궁금해서 왔어요 통닭 정식이랑 난을 시켰고 맛은 생각했던 것보다 훨씬 맛있고 라이스도 빠작빠작 씹는 맛이 있었습니다 난도 쫄깃해서 좋았어용 담에 또 올만한 가치가 있습니다,"유튜브, 통닭, 정식, 시키, 생각, 맛있, 라이스, 빠작빠작, 가치",맛있,2,긍정
페르시안궁전,미인정85,17,2026.03.21,1번째 방문,영수증,메뉴 두개 시켰는데 둘 다 너~~무 맛있어요♥️ 난도 바삭하니 딱 좋고 분위기도 현지 느낌 물씬나서 데이트하기도 좋을거같아요! 아이랑 왔는데 맵기조절도 돼서 먹기 좋아요🤩 다음에 또 올거에요 꼭,108,True,메뉴 두개 시켰는데 둘 다 너 무 맛있어요 난도 바삭하니 딱 좋고 분위기도 현지 느낌 물씬나서 데이트하기도 좋을거같아요 아이랑 왔는데 맵기조절도 돼서 먹기 좋아요 다음에 또 올거에요 꼭,"메뉴, 시키, 맛있, 분위기, 현지, 느낌, 데이트, 아이, 조절, 다음",맛있,2,긍정
페르시안궁전,지니8922,34,2026.03.21,1번째 방문,영수증,맛집이라 기대됩니다!! 평소에 먹어보지 못한거라 맛있어요.,32,True,맛집이라 기대됩니다 평소에 먹어보지 못한거라 맛있어요,"맛집, 기대, 평소, 못하, 맛있",맛있,2,긍정
페르시안궁전,House Keeper,55,2026.03.20,1번째 방문,영수증,유명하다고 해서 성대오면 꼭 와보고 싶었는데 넘 맛있어요! 난도 크고 카레도 찐입니다. 오랫동안 사랑 받은 이유가 있네요 🍗,69,True,유명하다고 해서 성대오면 꼭 와보고 싶었는데 넘 맛있어요 난도 크고 카레도 찐입니다 오랫동안 사랑 받은 이유가 있네요,"유명, 성대, 맛있, 카레, 오랫동안, 사랑, 이유",맛있,2,긍정
페르시안궁전,bamyee,97,2026.03.20,1번째 방문,영수증,진짜 인도의 향기를 느낄 수 있어요ㅎㅎㅎ!! 유명하다고 해서 찾아왔는데 정말 잘 왔습니당 다음엔 다른 커리에 도전해 보고 싶어용! 맵기 조절할 수 있어서 좋아요!,90,True,진짜 인도의 향기를 느낄 수 있어요 유명하다고 해서 찾아왔는데 정말 잘 왔습니당 다음엔 다른 커리에 도전해 보고 싶어용 맵기 조절할 수 있어서 좋아요,"인도, 향기, 느끼, 유명, 찾아오, 다음, 커리, 도전, 조절",느끼,-1,부정
페르시안궁전,수리수리마수리3198,24,2026.03.20,1번째 방문,영수증,분위기도 맛도 이국적이어서 여행하는 기분이에요~ 이국적이지만 한국인 입맛에 잘 맞아요,47,True,분위기도 맛도 이국적이어서 여행하는 기분이에요 이국적이지만 한국인 입맛에 잘 맞아요,"분위기, 이국, 여행, 기분, 이국, 한국인, 입맛",,0,중립
페르시안궁전,하늬55,52,2026.03.20,2번째 방문,영수증,정말 맛있어요 최고입니다 부모님오시고왔습니다,24,True,정말 맛있어요 최고입니다 부모님오시고왔습니다,"맛있, 최고, 부모","맛있, 최고",5,긍정
페르시안궁전,Gonee95,44,2026.03.19,1번째 방문,영수증,유튜버 영상보고 왔는데 진짜 맛있어요!!! 또올게요,28,True,유튜버 영상보고 왔는데 진짜 맛있어요 또올게요,"유튜버, 영상, 맛있",맛있,2,긍정
페르시안궁전,Lyn7997,62,2026.03.19,1번째 방문,영수증,"처음 먹어본 인도 커리에요,, 전혀 부담스럽지 않고 맛있어요 인도에 온 것 같은 인테리어도 정말 멋져여 또 방문할게욥!!",67,True,처음 먹어본 인도 커리에요 전혀 부담스럽지 않고 맛있어요 인도에 온 것 같은 인테리어도 정말 멋져여 또 방문할게욥,"처음, 인도, 커리, 부담, 맛있, 인도, 인테리어, 멋지, 방문",맛있,2,긍정
페르시안궁전,tozz21,27,2026.03.18,1번째 방문,영수증,향신료 잘 못먹어서 걱정했는데 엄청 맛있네요 한국인패치돼서 카레 약간 매운맛 정도입니다 탄두리치킨이 좀 더 맛있네요,64,True,향신료 잘 못먹어서 걱정했는데 엄청 맛있네요 한국인패치돼서 카레 약간 매운맛 정도입니다 탄두리치킨이 좀 더 맛있네요,"향신료, 걱정, 맛있, 한국인, 패치, 카레, 정도, 탄두리치킨, 맛있","맛있, 맛있",4,긍정
페르시안궁전,유예진29,36,2026.03.18,1번째 방문,영수증,닭다리가 튼실하구 너무 맛있어요!! 적당히 매콤하고 좋아요 ㅎㅎ 밖에서 카레 잘 안 사 먹었는데 여기는 자주 올 것 같아요 성대 바로 앞이라 접근성도 좋아용 강추합니다,93,True,닭다리가 튼실하구 너무 맛있어요 적당히 매콤하고 좋아요 밖에서 카레 잘 안 사 먹었는데 여기는 자주 올 것 같아요 성대 바로 앞이라 접근성도 좋아용 강추합니다,"다리, 맛있, 매콤하, 카레, 여기, 성대, 접근",맛있,2,긍정
페르시안궁전,짱규이,27,2026.03.18,2번째 방문,영수증,어딜 먹어도 결국 페르시안 궁전이 제일 맛있어요 가끔 생각나서 먹으러 옵니당 웨이팅은 있어도 금방 빠지는 편이고 늘 친절하세요~,71,True,어딜 먹어도 결국 페르시안 궁전이 제일 맛있어요 가끔 생각나서 먹으러 옵니당 웨이팅은 있어도 금방 빠지는 편이고 늘 친절하세요,"어디, 페르시안, 궁전, 맛있, 생각, 웨이팅, 빠지, 친절","맛있, 친절",4,긍정
페르시안궁전,won****,24,2026.03.17,1번째 방문,영수증,좋아하는 유튜버 맛집이라 와봤습니다!!! 음식도 맛있고 분위기도 좋아용 ㅎㅎ,42,True,좋아하는 유튜버 맛집이라 와봤습니다 음식도 맛있고 분위기도 좋아용,"좋아하, 유튜버, 맛집, 음식, 맛있, 분위기","좋, 맛있",4,긍정
페르시안궁전,SSS19,26,2026.03.16,1번째 방문,영수증,너무 맛있어요 자주 올게요!,15,True,너무 맛있어요 자주 올게요,맛있,맛있,2,긍정
페르시안궁전,갱6343,24,2026.03.16,1번째 방문,영수증,"유명했던 닭한마리 대신 순살로 되어있는 양고기카레+닭고기 카레를 먹었는데, 둘 다 맛있었습니다. 뼈가 붙어있지않아 먹기에 편했고, 밥이랑도 잘 어울렸어요 혹시 근처에 지나갈 일 있으시면 잊지말고 밥 드시고 가세요",118,True,유명했던 닭한마리 대신 순살로 되어있는 양고기카레 닭고기 카레를 먹었는데 둘 다 맛있었습니다 뼈가 붙어있지않아 먹기에 편했고 밥이랑도 잘 어울렸어요 혹시 근처에 지나갈 일 있으시면 잊지말고 밥 드시고 가세요,"유명, 마리, 대신, 순살, 양고기, 카레, 닭고기, 카레, 맛있, 편하, 어울리, 근처, 지나가, 드시",맛있,2,긍정
페르시안궁전,오동441,13,2026.03.16,1번째 방문,영수증,첫번째 방문때는 너무 맛있어서 리뷰쓸 생각도 못해서 두번째 방문에 리뷰를 쓰게 되네요. 워낙 맛집으로 유명하기도 하고 실제로 그 명성에 맞는 맛집인거 같습니다. 음식들도 퀄리티에 비해 가격이 부담스럽지 않아서 자주 오고 싶어요. 실제로 최근 일주일동안 여기 오려고 혜화를 두번이나 왔네요,160,True,첫번째 방문때는 너무 맛있어서 리뷰쓸 생각도 못해서 두번째 방문에 리뷰를 쓰게 되네요 워낙 맛집으로 유명하기도 하고 실제로 그 명성에 맞는 맛집인거 같습니다 음식들도 퀄리티에 비해 가격이 부담스럽지 않아서 자주 오고 싶어요 실제로 최근 일주일동안 여기 오려고 혜화를 두번이나 왔네요,"방문, 맛있, 리뷰, 생각, 방문, 리뷰, 맛집, 유명, 명성, 음식, 퀄리티, 가격, 부담, 최근, 일주일, 동안, 여기, 혜화",맛있,2,긍정
페르시안궁전,Jay45,17,2026.03.15,1번째 방문,영수증,분위기 정말 독특하고 넘 맛있어요!!!!! 짱짱 커리👍🏻👍🏻,33,True,분위기 정말 독특하고 넘 맛있어요 짱짱 커리,"분위기, 독특, 맛있, 커리",맛있,2,긍정
페르시안궁전,Leseye,23,2026.03.15,1번째 방문,영수증,주말에 10분 정도 웨이팅 하고 들어왔어요~ 내부 외부 음식 모두 여행 온 것만 같아요 이런 음식점이 있다는 게 감사할 따름입니다~ 저희는 쟈프란탄에 버터치킨 시켜서 먹었습니다~ 잘 먹고 갑니다,108,True,주말에 10분 정도 웨이팅 하고 들어왔어요 내부 외부 음식 모두 여행 온 것만 같아요 이런 음식점이 있다는 게 감사할 따름입니다 저희는 쟈프란탄에 버터치킨 시켜서 먹었습니다 잘 먹고 갑니다,"주말, 정도, 웨이팅, 들어오, 내부, 외부, 음식, 여행, 음식점, 감사, 따름, 저희, 쟈프란탄, 버터치킨, 시키",,0,중립
페르시안궁전,momoringring,44,2026.03.15,1번째 방문,영수증,시금치 커리 맛잇어요!! 매장 분위기도 완전 이국적이에요 ~~ 추천합니닷,40,True,시금치 커리 맛잇어요 매장 분위기도 완전 이국적이에요 추천합니닷,"시금치, 커리, 매장, 분위기, 이국, 추천",추천,2,긍정
페르시안궁전,메이1013,221,2026.03.15,5번째 방문,영수증,여러가지 맛보고 싶어서 단체로 5번째 방문 역시 맛집이예요^^,34,True,여러가지 맛보고 싶어서 단체로 5번째 방문 역시 맛집이예요,"가지, 맛보, 단체, 방문, 맛집",,0,중립
페르시안궁전,으니51,42,2026.03.15,1번째 방문,영수증,15년만에 온 내추억의카레집! 여전히 맛도 사장님도 그대로 !!!! 🤍너무 맛나게 먹고 갑니당 ☺️,55,True,15년만에 온 내추억의카레집 여전히 맛도 사장님도 그대로 너무 맛나게 먹고 갑니당,"추억, 카레, 사장, 맛나",,0,중립
페르시안궁전,Sun님,18,2026.03.14,1번째 방문,영수증,데이트 할때 꼭 들르는 카레집입니다 너무 유명한 곳이라 꼭 드셔보시기 바랍니당 사랑의 세트 안에 라씨 요구르트와 다양한 음식을 제공해줘서 좋은거 같아요 양도 나쁘지않고 맛도 훌륭합니다,102,True,데이트 할때 꼭 들르는 카레집입니다 너무 유명한 곳이라 꼭 드셔보시기 바랍니당 사랑의 세트 안에 라씨 요구르트와 다양한 음식을 제공해줘서 좋은거 같아요 양도 나쁘지않고 맛도 훌륭합니다,"데이트, 들르, 카레, 유명, 드시, 바라, 사랑, 세트, 라씨, 요구르트, 다양, 음식, 제공, 나쁘",,0,중립
페르시안궁전,YH58,18,2026.03.14,1번째 방문,영수증,맛있어요! 분위기에 배부르고 음식 컨디션에 배부르고 정말 또 오고 싶어요~~~ 케밥 추천해주셨는데 정말 맞있게 먹었어요~,67,True,맛있어요 분위기에 배부르고 음식 컨디션에 배부르고 정말 또 오고 싶어요 케밥 추천해주셨는데 정말 맞있게 먹었어요,"맛있, 분위기, 배부르, 음식, 컨디션, 배부르, 케밥, 추천","맛있, 추천",4,긍정
페르시안궁전,부드러운피아노,27,2026.03.14,1번째 방문,영수증,존맛탱입니다.. 드디어 영접하다니 감동 누룽지 기대안햇는데 바삭하고 개존맛 👍 사장님 오래해주세요~,55,True,존맛탱입니다 드디어 영접하다니 감동 누룽지 기대안햇는데 바삭하고 개존맛 사장님 오래해주세요,"영접, 감동, 누룽지, 기대, 사장",,0,중립
페르시안궁전,양42,22,2026.03.14,1번째 방문,영수증,토요일날 브레이크 타임끝나는 시간 맞춰서 갔는데 금방 입장할 수 있엇어요 사람 진짜 금방차는데 음식도 금방나오고 매장도 넓어요 사장님도 너무 친절하세요 유튜버 추천 보고 갔는데 또 올게요 ㅎㅎㅎ,108,True,토요일날 브레이크 타임끝나는 시간 맞춰서 갔는데 금방 입장할 수 있엇어요 사람 진짜 금방차는데 음식도 금방나오고 매장도 넓어요 사장님도 너무 친절하세요 유튜버 추천 보고 갔는데 또 올게요,"토요일, 브레이크, 타임, 끝나, 시간, 맞추, 입장, 사람, 음식, 나오, 매장, 사장, 친절, 유튜버, 추천","친절, 추천",4,긍정
페르시안궁전,이응리을,154,2026.03.14,1번째 방문,영수증,난도 맛있고 케밥도 맛있어요! 인테리어 이색적이고 멋져요!,32,True,난도 맛있고 케밥도 맛있어요 인테리어 이색적이고 멋져요,"맛있, 케밥, 맛있, 인테리어, 이색, 멋지","맛있, 맛있",4,긍정
페르시안궁전,따듯한냉커피,55,2026.03.13,1번째 방문,영수증,진짜 인도요리 먹고 싶어서 와봤는데 분위기도 멋지고 음식도 맛있어요! 또 와보고 싶은 집!,50,True,진짜 인도요리 먹고 싶어서 와봤는데 분위기도 멋지고 음식도 맛있어요 또 와보고 싶은 집,"인도, 요리, 분위기, 멋지, 음식, 맛있",맛있,2,긍정
페르시안궁전,망고0125,83,2026.03.13,1번째 방문,영수증,특별한음식이예요 현지음식이라 특이하고 카레도 맛있고 맵기조절되서 좋아요,39,True,특별한음식이예요 현지음식이라 특이하고 카레도 맛있고 맵기조절되서 좋아요,"특별, 음식, 현지, 음식, 특이, 카레, 맛있, 조절",맛있,2,긍정
페르시안궁전,하도비,41,2026.03.13,1번째 방문,영수증,"쿠비데케밥이랑 치킨마크니 카레 먹었어요! 음식도 맛있고, 매장 분위기도 넘 좋고 사장님 친절하세요! 여행 온 기분입니다🥰🥰",68,True,쿠비데케밥이랑 치킨마크니 카레 먹었어요 음식도 맛있고 매장 분위기도 넘 좋고 사장님 친절하세요 여행 온 기분입니다,"쿠비데케밥, 치킨마크니, 카레, 음식, 맛있, 매장, 분위기, 사장, 친절, 여행, 기분","맛있, 친절",4,긍정
페르시안궁전,jhj****,9,2026.03.12,1번째 방문,영수증,맛집이라구 해서 왔는데!! 친절하시구 맛도 있어서 너무 좋아씁니다 ㅠㅠ 다음에 또 올 것 같아요 이미 많이 유명하지만 더더 유명해지면 좋겐네.... 😭,84,True,맛집이라구 해서 왔는데 친절하시구 맛도 있어서 너무 좋아씁니다 다음에 또 올 것 같아요 이미 많이 유명하지만 더더 유명해지면 좋겐네,"맛집, 친절, 다음, 유명, 유명",친절,2,긍정
페르시안궁전,브래드8263,34,2026.03.12,1번째 방문,영수증,완전 친절한 사장님. 먹는 방법을 자세히 알려주시네요~~ 맛은 말할 필요도 없어요!! 인정!! 성대 최고의 레스토랑입니다♡,68,True,완전 친절한 사장님 먹는 방법을 자세히 알려주시네요 맛은 말할 필요도 없어요 인정 성대 최고의 레스토랑입니다,"친절, 사장, 방법, 알리, 필요, 인정, 성대, 최고, 레스토랑","친절, 최고",5,긍정
페르시안궁전,jih****,21,2026.03.11,1번째 방문,영수증,"통닭정식 기본맛! 2인용이고, 성인남자 기준으로도 양이 많은 편이에요. 누룽지같은 밥이 진짜 맛도리에용",57,True,통닭정식 기본맛 2인용이고 성인남자 기준으로도 양이 많은 편이에요 누룽지같은 밥이 진짜 맛도리에용,"통닭, 정식, 기본, 성인, 남자, 기준, 누룽지, 도리",,0,중립
페르시안궁전,먹박사잉,1304,2026.03.11,1번째 방문,영수증,처음와봤는데 유명한 이유를 알겠습니다!!! 런치타임도 있어서 저렴하게 먹을수있어요 :) 추천,51,True,처음와봤는데 유명한 이유를 알겠습니다 런치타임도 있어서 저렴하게 먹을수있어요 추천,"처음, 유명, 이유, 런치, 타임, 저렴하, 추천",추천,2,긍정
페르시안궁전,ALLO64,33,2026.03.10,1번째 방문,영수증,너무 맛있어요~ 지인 추천으로 오게 되었는데 나중에 또 방문 하고 싶어용 ㅎㅎ 종로와서 커리 먹고 싶으면 완전 추천드립니당~~,70,True,너무 맛있어요 지인 추천으로 오게 되었는데 나중에 또 방문 하고 싶어용 종로와서 커리 먹고 싶으면 완전 추천드립니당,"맛있, 지인, 추천, 나중, 방문, 종로, 커리, 추천, 드리","맛있, 추천, 추천",6,긍정
페르시안궁전,김햅삐햅삐,36,2026.03.10,1번째 방문,영수증,너무 맛있어요! 게다가 이국적인 인테리어에 기분이 업됩니당 ㅎㅎ,35,True,너무 맛있어요 게다가 이국적인 인테리어에 기분이 업됩니당,"맛있, 이국, 인테리어, 기분",맛있,2,긍정
페르시안궁전,따뜻한아이스티37,12,2026.03.10,2번째 방문,영수증,향이 독특하고 다른 곳에서 경험할 수 없는 인상적인 커리 맛이었습니다! 잘 먹구 가요~~,49,True,향이 독특하고 다른 곳에서 경험할 수 없는 인상적인 커리 맛이었습니다 잘 먹구 가요,"독특, 경험, 인상, 커리",,0,중립
페르시안궁전,ONEWON,73,2026.03.08,1번째 방문,영수증,카레가 고소하고 닭고기랑 잘 어울려요 !!! 꼭 드셔보세용🙂,33,True,카레가 고소하고 닭고기랑 잘 어울려요 꼭 드셔보세용,"카레, 고소하, 닭고기, 어울리, 드시",,0,중립
페르시안궁전,mjy****,57,2026.03.08,1번째 방문,예약,오자마자 10분내로 들어온거같아요! 와서 대기번호받고 좀있으면 사장님이 불러주는데 주문하면 돼요 그러고 대기하면 좌석생기면 불러주세요 물은 약간 수돗물같아요…. 반마리치킨 매운맛은 삼분카레약간매운맛이 났어요… 치킨케밥은 닭꼬치 2개 당연히 맛있는데 개인적인 생각에 가격이 좀 사악하다 생각은 들었습니다 치킨마크니는 이란식은 약간 심심한 맛인가? 싶은 치킨마크니맛이었어요… 카레맛이 약한느낌?(토마토베이스여서그럴까요?) 샤프란아이스크림은 둘이서 각자하나씩 먹었는데 하나만 시켜먹어볼껄….이라는 생각이 “와” 아이스크림에 샤프란섬유유연제뿌린 맛나요…ㅎ 아이스크림은 좋은 체험이었습니다,324,True,오자마자 10분내로 들어온거같아요 와서 대기번호받고 좀있으면 사장님이 불러주는데 주문하면 돼요 그러고 대기하면 좌석생기면 불러주세요 물은 약간 수돗물같아요 반마리치킨 매운맛은 삼분카레약간매운맛이 났어요 치킨케밥은 닭꼬치 2개 당연히 맛있는데 개인적인 생각에 가격이 좀 사악하다 생각은 들었습니다 치킨마크니는 이란식은 약간 심심한 맛인가 싶은 치킨마크니맛이었어요 카레맛이 약한느낌 토마토베이스여서그럴까요 샤프란아이스크림은 둘이서 각자하나씩 먹었는데 하나만 시켜먹어볼껄 이라는 생각이 와 아이스크림에 샤프란섬유유연제뿌린 맛나요 아이스크림은 좋은 체험이었습니다,"들어오, 대기, 번호, 사장, 부르, 주문, 그러, 대기, 좌석, 생기, 부르, 수돗물, 반마리치킨, 카레, 치킨, 케밥, 닭꼬치, 맛있, 개인, 생각, 가격, 사악, 생각, 치킨마크니, 이란, 치킨마크니, 카레, 약하, 느낌, 토마토, 베이스, 그렇, 샤프란아이스크림, 하나, 하나, 시키, 생각, 아이스크림, 샤프, 섬유, 유연제, 뿌리, 맛나, 아이스크림, 체험",맛있,2,긍정
페르시안궁전,대홍단탄감자,72,2026.03.08,1번째 방문,영수증,나마스떼 인도에 온 기분입니다 유쾌란 사장님 덕분에 즐거운 저녁입니다 06학번 선배님과의 오랜만 추억 여행(저는 18학번입니다) 시대를 아우르는 식당이라는 것은 이렇게나 좋은 일이군요 혹시 시간 되시면 딩딩딩 전시 보시고 페르시안 궁전은 어떠세요😊,138,True,나마스떼 인도에 온 기분입니다 유쾌란 사장님 덕분에 즐거운 저녁입니다 06학번 선배님과의 오랜만 추억 여행 저는 18학번입니다 시대를 아우르는 식당이라는 것은 이렇게나 좋은 일이군요 혹시 시간 되시면 딩딩딩 전시 보시고 페르시안 궁전은 어떠세요,"나마스떼, 인도, 기분, 사장, 덕분, 즐겁, 저녁, 학번, 선배, 추억, 여행, 학번, 시대, 아우르, 식당, 이렇, 시간, 전시, 페르시안, 궁전, 어떻",,0,중립
페르시안궁전,야미3716,41,2026.03.08,2번째 방문,영수증,중2아들이 한번먹고 계속 생각난다고해서 재방문입니다.~^^ 이색적인 분위기와 다른곳에서 맛볼수없는 압도적인 매력이 입니다.,68,True,중2아들이 한번먹고 계속 생각난다고해서 재방문입니다 이색적인 분위기와 다른곳에서 맛볼수없는 압도적인 매력이 입니다,"아들, 생각, 방문, 이색, 분위기, 맛보, 압도, 매력",,0,중립
페르시안궁전,예비신쀼쀼유부초밥예약중,37,2026.03.08,1번째 방문,영수증,"지하철 타고 인도 여행 온 느낌,, 해외로 떠나고싶고 맛난 거 먹고프면 바로 여깁니당 진짜 음식도 다 맛있고 완전 여행온 거 같아서 좋아요👍🏻🥹🩷",81,True,지하철 타고 인도 여행 온 느낌 해외로 떠나고싶고 맛난 거 먹고프면 바로 여깁니당 진짜 음식도 다 맛있고 완전 여행온 거 같아서 좋아요,"지하철, 인도, 여행, 느낌, 해외, 떠나, 맛나, 여기, 음식, 맛있, 여행",맛있,2,긍정
페르시안궁전,CcIiOoLl,37,2026.03.07,1번째 방문,영수증,"진짜진짜 너무 맛있었어요!!!!!!! 누룽지밥 같은 라이스케이크는 진짜 존맛탱이고, 통닭카레도 진짜 핵맛있고 맵기 조절돼서 아주 나이스! 이번엔 3단계로 먹었는데 담엔 3.5단계로 먹어볼래요! 케밥도 난도 다 맛있었어요!!!! 감사합니당",132,True,진짜진짜 너무 맛있었어요 누룽지밥 같은 라이스케이크는 진짜 존맛탱이고 통닭카레도 진짜 핵맛있고 맵기 조절돼서 아주 나이스 이번엔 3단계로 먹었는데 담엔 3 5단계로 먹어볼래요 케밥도 난도 다 맛있었어요 감사합니당,"맛있, 누룽지, 라이스, 케이크, 통닭, 카레, 맛있, 조절, 나이스, 이번, 단계, 단계, 케밥, 맛있, 감사","맛있, 맛있, 맛있",6,긍정
페르시안궁전,cot****,24,2026.03.07,1번째 방문,영수증,인기가 많아서 웨이팅이 길길래 브레이크타임 끝나자마자 왔어요!! 후회없는선택입니다 페르시안스위트(굴랍자문)은 꼭 드세요🍛🤌,68,True,인기가 많아서 웨이팅이 길길래 브레이크타임 끝나자마자 왔어요 후회없는선택입니다 페르시안스위트 굴랍자문 은 꼭 드세요,"인기, 웨이팅, 브레이크, 타임, 끝나, 후회, 선택, 페르시안스위트, 굴랍자문, 드세",,0,중립
페르시안궁전,달팽이84,36,2026.03.07,1번째 방문,영수증,2003년에 방문하고 23년만에 재방문 했어요~ 매장은 더~ 화려해 줬고 사장님은 여전히 친절하시네요! 음식은 23년이 지났지만 지금도 여전히 예전 그대로 맛있네요! 치킨커리 맛있어요!,103,True,2003년에 방문하고 23년만에 재방문 했어요 매장은 더 화려해 줬고 사장님은 여전히 친절하시네요 음식은 23년이 지났지만 지금도 여전히 예전 그대로 맛있네요 치킨커리 맛있어요,"방문, 방문, 매장, 사장, 친절, 음식, 지나, 지금, 예전, 맛있, 치킨, 커리, 맛있","친절, 맛있, 맛있",6,긍정
페르시안궁전,드로우 밍,210,2026.03.07,1번째 방문,영수증,"커플세트에 케밥이랑 커리 추가했는데 너무 맛있어요! 기다릴 가치가있네요ㅎㅎ 인테리어랑 맛도 이색적이고, 라씨까지 맛나용",66,True,커플세트에 케밥이랑 커리 추가했는데 너무 맛있어요 기다릴 가치가있네요 인테리어랑 맛도 이색적이고 라씨까지 맛나용,"커플, 세트, 케밥, 커리, 추가, 맛있, 기다리, 가치, 인테리어, 이색, 라씨, 맛나",맛있,2,긍정
페르시안궁전,바로 그 리뷰,921,2026.03.07,1번째 방문,영수증,와! 왜 웨이팅이 많은지 알겠어요~ 한국식으로 재해석된 카레가 진짜 맛있어요! 그리고 라이스 케이크도 특별하네요. 고소하게 맛있어서 대만족했어요! 세트 메뉴 좋네용,91,True,와 왜 웨이팅이 많은지 알겠어요 한국식으로 재해석된 카레가 진짜 맛있어요 그리고 라이스 케이크도 특별하네요 고소하게 맛있어서 대만족했어요 세트 메뉴 좋네용,"웨이팅, 한국식, 해석, 카레, 맛있, 라이스, 케이크, 특별, 고소하, 맛있, 만족, 세트, 메뉴","맛있, 맛있, 만족",6,긍정
페르시안궁전,운뱌리,58,2026.03.07,1번째 방문,영수증,카레너무맛나요!!! 치킨도맛잇고 밥이랑같이먹어두맛잇어요 신라면맵기 선택하니 매콤하니 좋네용🤗🤗🤗🤗,54,True,카레너무맛나요 치킨도맛잇고 밥이랑같이먹어두맛잇어요 신라면맵기 선택하니 매콤하니 좋네용,"카레, 맛나, 치킨, 신라면, 선택",,0,중립
페르시안궁전,채소야30,41,2026.03.07,1번째 방문,영수증,닭한마리 카레가 진짜 맛있어요..!! 살이 야들야들하고 카레랑 조합이 최고..🥹 인도 정통 카레맛인데 맵기 조절이 돼서 안느끼하고 맛있어요! 갈릭난도 꿀맛이고 라씨도 맛있고 전부 맛있었던 대학로 맛집🩷🤍,113,True,닭한마리 카레가 진짜 맛있어요 살이 야들야들하고 카레랑 조합이 최고 인도 정통 카레맛인데 맵기 조절이 돼서 안느끼하고 맛있어요 갈릭난도 꿀맛이고 라씨도 맛있고 전부 맛있었던 대학로 맛집,"마리, 카레, 맛있, 카레, 조합, 최고, 인도, 정통, 카레, 조절, 느끼하, 맛있, 갈릭, 꿀맛, 맛있, 맛있, 대학로, 맛집","맛있, 최고, 느끼, 맛있, 맛있, 맛있",10,긍정
페르시안궁전,Laurent IM,21,2026.03.04,1번째 방문,영수증,유명한 집이라 방문해보고 싶었는데 현지 느낌 물씬이라 여행 온 기분이에요. 사장님이 정이 많으신지 장식품에 관심을 보였더니 오셔서 설명해주셨어요. 음식의 향신료 풍미도 하나도 어렵지 않고 맛있습니다.,111,True,유명한 집이라 방문해보고 싶었는데 현지 느낌 물씬이라 여행 온 기분이에요 사장님이 정이 많으신지 장식품에 관심을 보였더니 오셔서 설명해주셨어요 음식의 향신료 풍미도 하나도 어렵지 않고 맛있습니다,"유명, 방문, 현지, 느낌, 여행, 기분, 사장, 장식품, 관심, 보이, 설명, 음식, 향신료, 풍미, 하나, 어렵, 맛있",맛있,2,긍정
페르시안궁전,cha****,59,2026.03.04,1번째 방문,영수증,이렇게 현지느낌 낭낭한 인도요리 전문점은 처음이에요! ㅎㅎ 통닭카레가 가장 유명해서 시켜봤는데 난이랑 먹는 게 바삭하고 맛있어요! 성대 맛집 추천합니다😊,85,True,이렇게 현지느낌 낭낭한 인도요리 전문점은 처음이에요 통닭카레가 가장 유명해서 시켜봤는데 난이랑 먹는 게 바삭하고 맛있어요 성대 맛집 추천합니다,"이렇, 현지, 느낌, 인도, 요리, 전문점, 처음, 통닭, 카레, 시키, 맛있, 성대, 맛집, 추천","맛있, 추천",4,긍정
페르시안궁전,림리미,28,2026.03.04,1번째 방문,영수증,카레가 땡길때는 항상 생각나는 곳이에요 카레가 달지않고 현지맛으로 넘 맛있답니당,44,True,카레가 땡길때는 항상 생각나는 곳이에요 카레가 달지않고 현지맛으로 넘 맛있답니당,"카레, 땡기, 생각나, 카레, 현지, 맛있",맛있,2,긍정
페르시안궁전,횬횬현,31,2026.03.03,2번째 방문,영수증,재방문이에요~~ 음식이 맛있고 생각나는 맛이라 혜화데이트와서 또 왔어요 다음에도 올거에요 ㅎㅎ,52,True,재방문이에요 음식이 맛있고 생각나는 맛이라 혜화데이트와서 또 왔어요 다음에도 올거에요,"방문, 음식, 맛있, 생각나, 혜화, 데이트, 다음",맛있,2,긍정
페르시안궁전,야매53,14,2026.03.02,1번째 방문,영수증,더들리님 맛집으로 유명한곳. 치킨과 카레 매니아로써 최고의 조합!! 인테리어도 멋지고 직원분들도 친절하셔서 좋은 경험이었습니다.,71,True,더들리님 맛집으로 유명한곳 치킨과 카레 매니아로써 최고의 조합 인테리어도 멋지고 직원분들도 친절하셔서 좋은 경험이었습니다,"맛집, 유명, 치킨, 카레, 매니아, 최고, 조합, 인테리어, 멋지, 직원, 친절, 경험","최고, 친절",5,긍정
페르시안궁전,BEKIJINI,23,2026.03.01,1번째 방문,영수증,저의 성대 또간집이에요 너무너무 친절하신 사장님과 맛있는 통닭치킨!! 근처에 오시면 꼭 와보세요 맵기는 2.2-2.5 적당할듯요 ㅎㅎ,74,True,저의 성대 또간집이에요 너무너무 친절하신 사장님과 맛있는 통닭치킨 근처에 오시면 꼭 와보세요 맵기는 2 2 2 5 적당할듯요,"성대, 친절, 사장, 맛있, 통닭, 치킨, 근처","친절, 맛있",4,긍정
페르시안궁전,sonhr73,21,2026.03.01,1번째 방문,영수증,너무 맛있어요 밥과 난도 꼭 함께 먹어야해요 메뉴도 특색있고 인테리어도 독특해서 너무 좋네요 맛있게 잘먹었습니다!,63,True,너무 맛있어요 밥과 난도 꼭 함께 먹어야해요 메뉴도 특색있고 인테리어도 독특해서 너무 좋네요 맛있게 잘먹었습니다,"맛있, 메뉴, 특색, 인테리어, 독특, 맛있","맛있, 맛있",4,긍정
페르시안궁전,다도시51,56,2026.03.01,1번째 방문,영수증,유튜브 보고 왔는데 정말 인기 맛집이었네요! 혜화에서 커리집 많이 가봤는데 왜 여기를 이제 왔나 싶네요!! 닭반마리카레랑 양고기카레 먹었는데 넘 맛있구요. 다른 메뉴도 먹어보러 여러 번 와야겠어요ㅎㅎ 사장님 넘 친절하시고 좋으신 분입니다. 더욱 번창하세요^^!!,146,True,유튜브 보고 왔는데 정말 인기 맛집이었네요 혜화에서 커리집 많이 가봤는데 왜 여기를 이제 왔나 싶네요 닭반마리카레랑 양고기카레 먹었는데 넘 맛있구요 다른 메뉴도 먹어보러 여러 번 와야겠어요 사장님 넘 친절하시고 좋으신 분입니다 더욱 번창하세요,"유튜브, 인기, 맛집, 혜화, 커리, 여기, 마리, 카레, 양고기, 카레, 맛있, 메뉴, 사장, 친절, 번창","맛있, 친절",4,긍정
페르시안궁전,시오리53,51,2026.03.01,1번째 방문,영수증,예전부터 너무 와보고싶었던 페르시안궁전에서 통닭정식 먹었습니다! 통닭 커리 첨 먹어보는데 너무 맛있었어요. 줄 서서 먹는게 이해가 되는 맛이었습니다. 지하까지 자리가 있어서 매장은 꽤 쾌적한 편이에요. 담에 또 오고 싶어요!!!,127,True,예전부터 너무 와보고싶었던 페르시안궁전에서 통닭정식 먹었습니다 통닭 커리 첨 먹어보는데 너무 맛있었어요 줄 서서 먹는게 이해가 되는 맛이었습니다 지하까지 자리가 있어서 매장은 꽤 쾌적한 편이에요 담에 또 오고 싶어요,"예전, 페르시안, 궁전, 통닭, 정식, 통닭, 커리, 맛있, 이해, 지하, 자리, 매장",맛있,2,긍정
페르시안궁전,야르스컬맨,104,2026.03.01,1번째 방문,영수증,맛있어요 다만 세트보다는 단품이 알차구요 고기는 정말 맛있습니다 밥은 꼭 반드시 쟈프란밥으로 주문하세요,57,True,맛있어요 다만 세트보다는 단품이 알차구요 고기는 정말 맛있습니다 밥은 꼭 반드시 쟈프란밥으로 주문하세요,"맛있, 세트, 알차, 고기, 맛있, 쟈프란밥, 주문","맛있, 맛있",4,긍정
페르시안궁전,떠나자아,35,2026.02.28,7번째 방문,영수증,이십년 넘게 다니고 있는데 요즘 티비에 바로 나왔을때만큼 웨이팅이 있네요..그래도 멀리서 가는거라 안먹을수 없죠ㅋㅋ오늘은 허니난 시켰는데 아이가 아주 잘먹었습니다~카레도 항상 너무 퍼먹게되어서 추가했어요ㅋㅋ자꾸 생각나는 중독성있는 카레집!!강추!!,138,True,이십년 넘게 다니고 있는데 요즘 티비에 바로 나왔을때만큼 웨이팅이 있네요 그래도 멀리서 가는거라 안먹을수 없죠 오늘은 허니난 시켰는데 아이가 아주 잘먹었습니다 카레도 항상 너무 퍼먹게되어서 추가했어요 자꾸 생각나는 중독성있는 카레집 강추,"이십, 다니, 요즘, 티비, 나오, 웨이팅, 오늘, 허니, 아이, 카레, 퍼먹, 추가, 생각나, 중독, 카레",,0,중립
페르시안궁전,서현2546,44,2026.02.28,1번째 방문,영수증,성대 앞 유명 맛집인데 인테리어부터 비범해요! ㅋㅋㅋㅋㅌ 사장님이 주방을 진두지휘하는 모습이 기다리는 것도 안 지루하게 하는 것 같기도?! 카레 맛도 좋았습니당 처음 먹어보는 맛인데 굿이네요😍,107,True,성대 앞 유명 맛집인데 인테리어부터 비범해요 사장님이 주방을 진두지휘하는 모습이 기다리는 것도 안 지루하게 하는 것 같기도 카레 맛도 좋았습니당 처음 먹어보는 맛인데 굿이네요,"성대, 유명, 맛집, 인테리어, 사장, 주방, 진두지휘, 모습, 기다리, 지루하, 카레, 처음",,0,중립
페르시안궁전,29one,54,2026.02.27,1번째 방문,영수증,유명해서 다녀와봤는데 너무너무 맛있어요 사장님도 너무 친절하시고 분위기도 너무 좋았어용,48,True,유명해서 다녀와봤는데 너무너무 맛있어요 사장님도 너무 친절하시고 분위기도 너무 좋았어용,"유명, 다녀오, 맛있, 사장, 친절, 분위기","맛있, 친절",4,긍정
페르시안궁전,stu****,28,2026.02.27,3번째 방문,영수증,15년도 넘게 다닌 단골집.. 음식들도 한결같고 항상 맛있네요. 맵기도 조절 가능해서 매운거 좋아하시는분들도 엄청 좋아할 맛이에요. 사장님도 항상 손님들 밝게 맞아 주시고 이제 와이프가 된 전여친이랑 항상 오는 집이네요.,123,True,15년도 넘게 다닌 단골집 음식들도 한결같고 항상 맛있네요 맵기도 조절 가능해서 매운거 좋아하시는분들도 엄청 좋아할 맛이에요 사장님도 항상 손님들 밝게 맞아 주시고 이제 와이프가 된 전여친이랑 항상 오는 집이네요,"다니, 단골집, 음식, 맛있, 조절, 가능, 좋아하, 좋아하, 사장, 와이프, 여친","맛있, 좋, 좋",6,긍정
페르시안궁전,두시엔두시95,23,2026.02.27,1번째 방문,영수증,예전부터 유튜브로 많이 봐서 정말 와보고 싶었는데 기대했던 것보다 훨씬 맛있었어요. 비주얼도 너무 훌륭하고 가게 분위기도 너무 좋아요. 진짜 이란에서 먹는 것 같은 느낌이고 사장님도 너무 친절하십니다. 커리 먹고 싶을 때마다 찾아오고 싶어요. 다음에는 케밥이나 다른 메뉴도 먹어보고 싶고 너무 즐거운 경험이었습니다!,176,True,예전부터 유튜브로 많이 봐서 정말 와보고 싶었는데 기대했던 것보다 훨씬 맛있었어요 비주얼도 너무 훌륭하고 가게 분위기도 너무 좋아요 진짜 이란에서 먹는 것 같은 느낌이고 사장님도 너무 친절하십니다 커리 먹고 싶을 때마다 찾아오고 싶어요 다음에는 케밥이나 다른 메뉴도 먹어보고 싶고 너무 즐거운 경험이었습니다,"예전, 유튜브, 기대, 맛있, 비주얼, 훌륭하, 가게, 분위기, 이란, 느낌, 사장, 친절, 커리, 찾아오, 다음, 케밥, 메뉴, 즐겁, 경험","맛있, 훌륭, 친절",7,긍정
페르시안궁전,최수진1277,33,2026.02.27,1번째 방문,영수증,엄마랑 왔어요!엄마도 맛있다고 잘 먹었어요.점심특선 있어서 두개 시켜서 여러가지 맛을 먹을 수 있으니까 좋아요👍🏻👍🏻,65,True,엄마랑 왔어요 엄마도 맛있다고 잘 먹었어요 점심특선 있어서 두개 시켜서 여러가지 맛을 먹을 수 있으니까 좋아요,"엄마, 엄마, 맛있, 점심, 특선, 시키, 가지",맛있,2,긍정
페르시안궁전,ARMY3085,9,2026.02.25,1번째 방문,영수증,"입학식을 맞이하여 가족과 방문했어요! 페르시안은 이란요리이긴 하지만, 인도요리를 좋아한다면, 도전해보고 싶다면 너무너무 추천합니다~ 친절하시고 난 맛도 다양하고 좋아요 ! 케밥도 맛있습니다~",106,True,입학식을 맞이하여 가족과 방문했어요 페르시안은 이란요리이긴 하지만 인도요리를 좋아한다면 도전해보고 싶다면 너무너무 추천합니다 친절하시고 난 맛도 다양하고 좋아요 케밥도 맛있습니다,"입학식, 가족, 방문, 페르시안, 이란, 요리, 인도, 요리, 좋아하, 도전, 추천, 친절, 다양, 맛있","좋, 추천, 친절, 맛있",8,긍정
페르시안궁전,aka9,19,2026.02.25,1번째 방문,영수증,항생 웨이팅이 많아서 돌아갔었는데 이번에 운 좋게 바로 입장해서 먹었어요 닭한마리 카레 넘 맛있고 양도 푸짐해요 완전 강추 맛있어서 울면서/먹고있어요,83,True,항생 웨이팅이 많아서 돌아갔었는데 이번에 운 좋게 바로 입장해서 먹었어요 닭한마리 카레 넘 맛있고 양도 푸짐해요 완전 강추 맛있어서 울면서 먹고있어요,"항생, 웨이팅, 돌아가, 이번, 입장, 마리, 카레, 맛있, 맛있","맛있, 맛있",4,긍정
페르시안궁전,chr****,25,2026.02.24,1번째 방문,영수증,학교다닐때부터 자주 가던 맛집인데 오늘 오랜만에 왔어요! 여전히 맛있고 특이해요👍 오래오래 계속 저장해두고 싶은 맛집이에요🙏😆,70,True,학교다닐때부터 자주 가던 맛집인데 오늘 오랜만에 왔어요 여전히 맛있고 특이해요 오래오래 계속 저장해두고 싶은 맛집이에요,"학교, 다니, 맛집, 오랜만, 맛있, 저장, 맛집",맛있,2,긍정
페르시안궁전,솔직하고진실해,147,2026.02.24,1번째 방문,영수증,"처음 와봤는데 너무 맛있고 메뉴 설명도 잘해주셔서 기분좋은 식사였어요 어머니 모시고 왔는데 난도, 커리도 다 맛있다고 좋아하시네요. 터키쉬 커피도 별미에요",86,True,처음 와봤는데 너무 맛있고 메뉴 설명도 잘해주셔서 기분좋은 식사였어요 어머니 모시고 왔는데 난도 커리도 다 맛있다고 좋아하시네요 터키쉬 커피도 별미에요,"처음, 맛있, 메뉴, 설명, 기분, 식사, 어머니, 모시, 커리, 맛있, 좋아하, 터키쉬, 커피, 별미","맛있, 맛있, 좋",6,긍정
페르시안궁전,정현73,29,2026.02.23,1번째 방문,영수증,"진짜 오랜만에 만족스러운 커리집이었어요. 향신료 밸런스가 과하지 않고 깊은 맛이 살아 있어서 한 숟갈 먹자마자 “아 여기 잘한다” 싶었습니다. 커리는 꾸덕하면서도 부담 없고, 밥이랑 난이랑 같이 먹으면 조합이 너무 좋아요. 고기도 부드럽고 양도 적당해서 한 끼 든든하게 먹기 딱 좋았습니다. 매장도 깔끔하고 직원분들도 친절해서 전체적으로 기분 좋은 식사였어요. 근처 오면 재방문 의사 100%!",220,True,진짜 오랜만에 만족스러운 커리집이었어요 향신료 밸런스가 과하지 않고 깊은 맛이 살아 있어서 한 숟갈 먹자마자 아 여기 잘한다 싶었습니다 커리는 꾸덕하면서도 부담 없고 밥이랑 난이랑 같이 먹으면 조합이 너무 좋아요 고기도 부드럽고 양도 적당해서 한 끼 든든하게 먹기 딱 좋았습니다 매장도 깔끔하고 직원분들도 친절해서 전체적으로 기분 좋은 식사였어요 근처 오면 재방문 의사 100,"오랜만, 만족, 커리, 향신료, 밸런스, 과하, 숟갈, 여기, 커리, 꾸덕, 부담, 조합, 고기, 부드럽, 든든하, 매장, 직원, 친절, 전체, 기분, 식사, 근처, 방문, 의사","만족, 친절",4,긍정
페르시안궁전,98daldang,24,2026.02.22,1번째 방문,영수증,신기하고 독특합니다. 음식은 양도 많고 난이 맛있네요. 카레도 애들때문에 안매운거 시켰는데 참 맛있어요.,58,True,신기하고 독특합니다 음식은 양도 많고 난이 맛있네요 카레도 애들때문에 안매운거 시켰는데 참 맛있어요,"독특, 음식, 맛있, 카레, 때문, 시키, 맛있","맛있, 맛있",4,긍정
페르시안궁전,Haa16,82,2026.02.22,4번째 방문,영수증,20년 던골집. 언제와도 너무 맛있습니다!!! 한국 생각하면 오고싶은 레스토랑 1슌위♡,48,True,20년 던골집 언제와도 너무 맛있습니다 한국 생각하면 오고싶은 레스토랑 1슌위,"맛있, 한국, 생각, 레스토랑, 슌위",맛있,2,긍정
페르시안궁전,우유속에초코칩쿠키,43,2026.02.22,1번째 방문,영수증,즐겨보는 유튜버 분이 자주 가는 맛집이라고 해서 방문했는데 너무너무 맛있네요!! 집 가까이에 있었으면 정말 일주일에 여러 번 방문했을 것 같아요😚 치킨이 부들부들하고 난도 쫄깃쫄깃해서 식감천국에 다녀온 기분입니다…😇🪽🤍,122,True,즐겨보는 유튜버 분이 자주 가는 맛집이라고 해서 방문했는데 너무너무 맛있네요 집 가까이에 있었으면 정말 일주일에 여러 번 방문했을 것 같아요 치킨이 부들부들하고 난도 쫄깃쫄깃해서 식감천국에 다녀온 기분입니다,"즐기, 유튜버, 맛집, 방문, 맛있, 가까이, 일주일, 방문, 치킨, 식감, 천국, 다녀오, 기분",맛있,2,긍정
페르시안궁전,ddongyyy,21,2026.02.21,1번째 방문,영수증,지인들이 엄청 추천해서 혼자 먹으러 왔는데 정말 너무너무 맛있네요 🥹🤍🤍 매장도 엄청 크고 손님들도 계속 들어오셔요!!! 유명한 커리 맛집인가봐요 🥰 덕분에 맛있는 혼밥 했습니다 ㅎㅎㅎ 종종 올게요☺️☺️☺️,116,True,지인들이 엄청 추천해서 혼자 먹으러 왔는데 정말 너무너무 맛있네요 매장도 엄청 크고 손님들도 계속 들어오셔요 유명한 커리 맛집인가봐요 덕분에 맛있는 혼밥 했습니다 종종 올게요,"지인, 추천, 혼자, 맛있, 매장, 들어오, 유명, 커리, 맛집, 덕분, 맛있, 혼밥","추천, 맛있, 맛있",6,긍정
페르시안궁전,려니y,69,2026.02.21,1번째 방문,영수증,남자친구가 맛있는 카레집이라고 전부터 저장해놓은 곳이라 같이 왔어요! 사장님도 친절하시고 가게 인테리어도 멋있어요ㅎㅎ애매한 시간에 왔음에도 웨이팅이 길어서 좀 기다렸지만 기다린 보람이 있네요😍 또 올게요!!,115,True,남자친구가 맛있는 카레집이라고 전부터 저장해놓은 곳이라 같이 왔어요 사장님도 친절하시고 가게 인테리어도 멋있어요 애매한 시간에 왔음에도 웨이팅이 길어서 좀 기다렸지만 기다린 보람이 있네요 또 올게요,"남자, 친구, 맛있, 카레, 저장, 사장, 친절, 가게, 인테리어, 애매, 시간, 웨이팅, 기다리, 기다리, 보람","맛있, 친절",4,긍정
페르시안궁전,재진61,21,2026.02.21,2번째 방문,영수증,저번에 혼자와서 너무 맛있게 먹어서 친구들 데리고 왔어요!! 친구들도 맛있다고 해용. 같이 시킨 라씨도 너무 맛있는듯,65,True,저번에 혼자와서 너무 맛있게 먹어서 친구들 데리고 왔어요 친구들도 맛있다고 해용 같이 시킨 라씨도 너무 맛있는듯,"저번, 혼자, 맛있, 친구, 데리, 친구, 맛있, 시키, 맛있","맛있, 맛있, 맛있",6,긍정
페르시안궁전,허걱스70,14,2026.02.21,1번째 방문,영수증,"혜화역 근처에서 색다른 음식 먹고 싶어서 방문한 페르시안궁전! 골목 안쪽에 있어서 처음엔 살짝 헤맸는데, 들어가자마자 이국적인 분위기가 확 느껴져서 여행 온 기분이었어요 ✈️ 사장님이 엄청 친절하시고 메뉴 설명도 잘 해주세요. 처음 페르시아 음식 먹어보는 분들도 부담 없을 것 같아요.",159,True,혜화역 근처에서 색다른 음식 먹고 싶어서 방문한 페르시안궁전 골목 안쪽에 있어서 처음엔 살짝 헤맸는데 들어가자마자 이국적인 분위기가 확 느껴져서 여행 온 기분이었어요 사장님이 엄청 친절하시고 메뉴 설명도 잘 해주세요 처음 페르시아 음식 먹어보는 분들도 부담 없을 것 같아요,"혜화역, 근처, 색다르, 음식, 방문, 페르시안, 궁전, 골목, 안쪽, 처음, 헤매, 들어가, 이국, 분위기, 느끼, 여행, 기분, 사장, 친절, 메뉴, 설명, 처음, 페르시아, 음식, 부담","느끼, 친절",1,긍정
페르시안궁전,Pfh,32,2026.02.19,1번째 방문,영수증,"예전부터 유명한 곳이라고 해서 먹으러왔어요 인테리어도 멋지고, 아이가 먹을 수 있는 메뉴가 있어서 좋네요^^ 음식도 넘 맛있어요!!",73,True,예전부터 유명한 곳이라고 해서 먹으러왔어요 인테리어도 멋지고 아이가 먹을 수 있는 메뉴가 있어서 좋네요 음식도 넘 맛있어요,"예전, 유명, 인테리어, 멋지, 아이, 메뉴, 음식, 맛있",맛있,2,긍정
페르시안궁전,beabae,38,2026.02.19,1번째 방문,영수증,커리를 원래 너무 좋아하는데 대학로온김에 찾아서 왔는데 런치메뉴 너무 만족스러워요! 둘이서 런치메뉴 다른맛으로 시키니 4가지맛 다 맛볼수 있고 양도 충분해요!! 너무 맛있고 만족스러운 점심이었습니다!,111,True,커리를 원래 너무 좋아하는데 대학로온김에 찾아서 왔는데 런치메뉴 너무 만족스러워요 둘이서 런치메뉴 다른맛으로 시키니 4가지맛 다 맛볼수 있고 양도 충분해요 너무 맛있고 만족스러운 점심이었습니다,"커리, 원래, 좋아하, 대학로, 런치, 메뉴, 만족, 런치, 메뉴, 다르, 시키, 가지, 맛보, 맛있, 만족, 점심","좋, 만족, 맛있, 만족",8,긍정
페르시안궁전,snowhare,9,2026.02.18,1번째 방문,영수증,"성균관대 인근 골목안에 숨은 맛집 페르시안 궁전 방문. 치킨 케밥은 담백하며 곁들여진 양파, 구운 토마토와 조화로움. 커리는 풍미가 짙고 화덕에서 구운 난, 고소한 허무스와 함께 먹기 적당함. 이국적인 인테리어와 특유의 분위기가 특징이며, 이색적인 식사를 원하는 경우 방문 해볼 만한 곳임.",162,True,성균관대 인근 골목안에 숨은 맛집 페르시안 궁전 방문 치킨 케밥은 담백하며 곁들여진 양파 구운 토마토와 조화로움 커리는 풍미가 짙고 화덕에서 구운 난 고소한 허무스와 함께 먹기 적당함 이국적인 인테리어와 특유의 분위기가 특징이며 이색적인 식사를 원하는 경우 방문 해볼 만한 곳임,"성균관대, 인근, 골목, 페르시안, 궁전, 방문, 치킨, 케밥, 곁들이, 양파, 토마토, 조화, 커리, 풍미, 화덕, 고소, 허무스, 이국, 인테리어, 특유, 분위기, 특징, 이색, 식사, 원하, 경우, 방문",,0,중립
페르시안궁전,치리엄마,21,2026.02.18,1번째 방문,영수증,웨이팅 있었지만 금방 들어갔어요. 주문 먼저 하고 조금만 기다리면 되는 시스템인데 사장님이 친절하게 안내 해줍니다. 음식은 맛이 기본인데 맛있습니다. 일행들이 매운 걸 못 먹어서 2.2 (신라면단계) 로 맵기 설정했는데 다음엔 맵게 먹어도 될 것 같습니다 ^_^,146,True,웨이팅 있었지만 금방 들어갔어요 주문 먼저 하고 조금만 기다리면 되는 시스템인데 사장님이 친절하게 안내 해줍니다 음식은 맛이 기본인데 맛있습니다 일행들이 매운 걸 못 먹어서 2 2 신라면단계 로 맵기 설정했는데 다음엔 맵게 먹어도 될 것 같습니다,"웨이팅, 들어가, 주문, 조금, 기다리, 시스템, 사장, 친절, 안내, 음식, 기본, 맛있, 일행, 신라면, 단계, 설정, 다음","친절, 맛있",4,긍정
페르시안궁전,핏빛호악,1299,2026.02.18,2번째 방문,영수증,순살탄두리랑 렌틸콩커리 매운맛은 매운낙지 정도의 맵기선택 했는데 맛있게 매워요^^그리고 전 여기 치즈난 좋아해서 치즈난으로 바꿨어요ㅎㅎ맛있어요^^,81,True,순살탄두리랑 렌틸콩커리 매운맛은 매운낙지 정도의 맵기선택 했는데 맛있게 매워요 그리고 전 여기 치즈난 좋아해서 치즈난으로 바꿨어요 맛있어요,"순살탄두리, 렌틸콩커리, 낙지, 정도, 선택, 맛있, 여기, 치즈, 좋아하, 치즈, 바꾸, 맛있","맛있, 좋, 맛있",6,긍정
페르시안궁전,90직장인,218,2026.02.17,1번째 방문,영수증,"⭐️ 매장 분위기는 제법 아랍풍으로 잘 꾸며져있었습니다. 사랑의 세트 주문했는데, 허니난 맛있었습니다. 커리는 솔직히 오뚜기 카레맛입니다..ㅠ 닭고기도 쏘쏘입니다. 재방문의사 없습니다.",103,True,매장 분위기는 제법 아랍풍으로 잘 꾸며져있었습니다 사랑의 세트 주문했는데 허니난 맛있었습니다 커리는 솔직히 오뚜기 카레맛입니다 닭고기도 쏘쏘입니다 재방문의사 없습니다,"매장, 분위기, 아랍, 꾸미, 사랑, 세트, 주문, 허니, 맛있, 커리, 오뚜기, 카레, 닭고기, 쏘쏘, 방문, 의사",맛있,2,긍정
페르시안궁전,sa6918,82,2026.02.17,1번째 방문,영수증,"아이랑 함께 방문했는데 정말 만족했어요. 라씨를 좋아하는데 여기 라씨는 너무 달지 않고 부드러워서 아이도 잘 마셨어요. 사장님이 정말 친절하시고, 아이가 먹을 수 있게 메뉴도 세심하게 신경 써주셔서 감사했어요. 처음 방문했는데도 편안하게 식사할 수 있었고, 가족 단위로 오기에도 좋은 곳이에요. 이란 음식 처음이신 분들도 부담 없이 즐기기 좋고, 다음에 또 방문하고 싶은 곳입니다 👍",214,True,아이랑 함께 방문했는데 정말 만족했어요 라씨를 좋아하는데 여기 라씨는 너무 달지 않고 부드러워서 아이도 잘 마셨어요 사장님이 정말 친절하시고 아이가 먹을 수 있게 메뉴도 세심하게 신경 써주셔서 감사했어요 처음 방문했는데도 편안하게 식사할 수 있었고 가족 단위로 오기에도 좋은 곳이에요 이란 음식 처음이신 분들도 부담 없이 즐기기 좋고 다음에 또 방문하고 싶은 곳입니다,"아이, 방문, 만족, 좋아하, 여기, 부드럽, 아이, 마시, 사장, 친절, 아이, 메뉴, 신경, 감사, 처음, 방문, 편안, 식사, 가족, 단위, 음식, 처음, 부담, 즐기, 다음, 방문","만족, 좋, 친절",6,긍정
페르시안궁전,wlgus6311,77,2026.02.17,1번째 방문,영수증,난이 너무 부드럽고 맛있어요!!! 치킨마크니 진짜 맛있어서 꼭 필수로 시키세요 ㅎㅎㅎ 사람진짜많고 너무 친절해요 사장님,66,True,난이 너무 부드럽고 맛있어요 치킨마크니 진짜 맛있어서 꼭 필수로 시키세요 사람진짜많고 너무 친절해요 사장님,"부드럽, 맛있, 치킨, 마크, 맛있, 필수, 시키, 사람, 친절, 사장","맛있, 맛있, 친절",6,긍정
페르시안궁전,공덕파이리,55,2026.02.17,1번째 방문,영수증,신기한 인테리어와 반전으로 맛있는 치킨 카페 먹으러 왔습니다~~! 짱 맛있고 사장님 잘생겼어요~~,54,True,신기한 인테리어와 반전으로 맛있는 치킨 카페 먹으러 왔습니다 짱 맛있고 사장님 잘생겼어요,"인테리어, 반전, 맛있, 치킨, 카페, 맛있, 사장, 생기","맛있, 맛있",4,긍정
페르시안궁전,Joan29,180,2026.02.16,1번째 방문,영수증,너무 와보고싶었던 곳인데 드디어 와봤습니다!!ㅎㅎㅎ 케밥과 치킨 반마리 커리로 맛있게 먹었어요 :) 삼청공원에서 숙정문까지 걷고 내려와서 성북동에서 버스타고 도착ㅎㅎㅎ 저희는 모르고 후문으로 들어왔는데 정문으로 들어가시는거 추천해요!! 깔끔하고 멋진 공간입니다 👍🏻,148,True,너무 와보고싶었던 곳인데 드디어 와봤습니다 케밥과 치킨 반마리 커리로 맛있게 먹었어요 삼청공원에서 숙정문까지 걷고 내려와서 성북동에서 버스타고 도착 저희는 모르고 후문으로 들어왔는데 정문으로 들어가시는거 추천해요 깔끔하고 멋진 공간입니다,"케밥, 치킨, 마리, 커리, 맛있, 삼청공원, 숙정문, 내려오, 성북동, 버스, 도착, 저희, 모르, 후문, 들어오, 정문, 들어가, 추천, 깔끔, 멋지, 공간","맛있, 추천, 깔끔",6,긍정
페르시안궁전,볼빵빵햄수터,341,2026.02.16,1번째 방문,영수증,현지 분위기가 물씬 느껴지는 식당입니다ㅎㅎ밥이 진짜 특이해요 누룽지??같은데 밥알이 살아있구 커리도 맛있었습니다🤤2.0단계로 시켰는데 살짝 매콤하고 딱 좋았어요 같이 나온 치킨이랑 잘 어울려요! 자프란 아이스크림도 신기한 맛이에용 배부르게 잘 먹었습니다👍🏻,143,True,현지 분위기가 물씬 느껴지는 식당입니다 밥이 진짜 특이해요 누룽지 같은데 밥알이 살아있구 커리도 맛있었습니다 2 0단계로 시켰는데 살짝 매콤하고 딱 좋았어요 같이 나온 치킨이랑 잘 어울려요 자프란 아이스크림도 신기한 맛이에용 배부르게 잘 먹었습니다,"현지, 분위기, 느끼, 식당, 특이, 누룽지, 밥알, 커리, 맛있, 단계, 매콤하, 나오, 치킨, 어울리, 자프, 아이스크림, 배부르","느끼, 맛있",1,긍정
페르시안궁전,뺘약삐약2,42,2026.02.16,1번째 방문,영수증,카레가 넘 먹고 싶어서 왔는데 진짜 넘 맛있고 분위기도 정말 좋아요! 음식이 다양해서 정말 좋은거 같아여!!,60,True,카레가 넘 먹고 싶어서 왔는데 진짜 넘 맛있고 분위기도 정말 좋아요 음식이 다양해서 정말 좋은거 같아여,"카레, 맛있, 분위기, 음식, 다양",맛있,2,긍정
페르시안궁전,태필,54,2026.02.16,1번째 방문,영수증,아이들과 함께 시어머니 모시고 방문했는데 가게가 오래되었지만 분위기가 아늑하고 장식들이 너무 엔틱하고 좋으네요ㅎ 먹고 바로 앞에 성균관대학교 구경도 하고 궁궐 구경도 하고 또 방문하고 싶어요✨,107,True,아이들과 함께 시어머니 모시고 방문했는데 가게가 오래되었지만 분위기가 아늑하고 장식들이 너무 엔틱하고 좋으네요 먹고 바로 앞에 성균관대학교 구경도 하고 궁궐 구경도 하고 또 방문하고 싶어요,"아이, 시어머니, 모시, 방문, 가게, 분위기, 장식, 성균관대학교, 구경, 궁궐, 구경, 방문",,0,중립
페르시안궁전,계란말이꽃,39,2026.02.15,1번째 방문,영수증,맛잇었어요! 카레가 땡길 때 다음에도 꼭 올게요! 가게 분위기도 좋고 친절하시고 메뉴 변경할 때도 너무너무 친절하게 대응해주셨어요!,73,True,맛잇었어요 카레가 땡길 때 다음에도 꼭 올게요 가게 분위기도 좋고 친절하시고 메뉴 변경할 때도 너무너무 친절하게 대응해주셨어요,"맛잇, 카레, 땡기, 다음, 가게, 분위기, 친절, 메뉴, 변경, 친절, 대응","친절, 친절",4,긍정
페르시안궁전,asdfghjqwe,45,2026.02.14,1번째 방문,영수증,토요일 저녁시간 20분 정도 대기했습니다 ! 분위기 진짜 미쳤 ㅋㅋㅋ 페르시안궁전 안에 걍 들어와있는거가타여 난도 맛있도 카레는 말해뭐해 맛있었습니다 굿굿!!,88,True,토요일 저녁시간 20분 정도 대기했습니다 분위기 진짜 미쳤 페르시안궁전 안에 걍 들어와있는거가타여 난도 맛있도 카레는 말해뭐해 맛있었습니다 굿굿,"토요일, 저녁, 시간, 정도, 대기, 분위기, 미치, 페르시아, 궁전, 들어오, 맛있, 카레, 맛있","맛있, 맛있",4,긍정
페르시안궁전,연45,31,2026.02.10,1번째 방문,영수증,"치킨커리와 수프, 이란 라이스, 후무스, 난 등을 시켰는데 양도 충분히 많고 무엇보다 현지 커리의 전통적인 맛을 혜화에서 맛볼 수 있는 것이 큰 장점인 곳입니다. 특히 후무스와 난이 입맛에 딱이에요!",111,True,치킨커리와 수프 이란 라이스 후무스 난 등을 시켰는데 양도 충분히 많고 무엇보다 현지 커리의 전통적인 맛을 혜화에서 맛볼 수 있는 것이 큰 장점인 곳입니다 특히 후무스와 난이 입맛에 딱이에요,"치킨커리, 수프, 이란, 라이스, 후무스, 시키, 무엇, 현지, 커리, 전통, 혜화, 맛보, 장점, 무스, 입맛",,0,중립
페르시안궁전,70****,9,2026.02.09,2번째 방문,영수증,내부는 전통적이고 무척 이국적인 인테리어로 꾸며져 있습니다. 마치 외국 여행지에 온 듯한 분위기입니다. 비건 옵션도 있어서 비건분들 가기 좋아요..매운맛 단계를 고를 수 있어 입맛에 맞게 조절할 수 있습니다. 카레가 다 맛있고 향신료 맛이 많이 납니다.,141,True,내부는 전통적이고 무척 이국적인 인테리어로 꾸며져 있습니다 마치 외국 여행지에 온 듯한 분위기입니다 비건 옵션도 있어서 비건분들 가기 좋아요 매운맛 단계를 고를 수 있어 입맛에 맞게 조절할 수 있습니다 카레가 다 맛있고 향신료 맛이 많이 납니다,"내부, 전통, 이국, 인테리어, 꾸미, 외국, 여행지, 분위기, 옵션, 단계, 고르, 입맛, 조절, 카레, 맛있, 향신료",맛있,2,긍정
페르시안궁전,pangpang01,703,2026.02.09,1번째 방문,영수증,분위기가 좋고 메뉴가 다양해요! 여기서만 먹을 수 있는 메뉴가 많아요! 난 종류가 여러개요! 현지맛에 가까워서 인도 음식 좋아 하시는 분들 께 추천 드려요!버터난 너무 맛도리!!추천해용!!!,106,True,분위기가 좋고 메뉴가 다양해요 여기서만 먹을 수 있는 메뉴가 많아요 난 종류가 여러개요 현지맛에 가까워서 인도 음식 좋아 하시는 분들 께 추천 드려요 버터난 너무 맛도리 추천해용,"분위기, 메뉴, 다양, 여기, 메뉴, 종류, 현지, 가깝, 인도, 음식, 추천, 드리, 버터, 도리, 추천","추천, 추천",4,긍정
페르시안궁전,dpw****,48,2026.02.08,1번째 방문,영수증,치킨 마크니 카레랑 ~ 자프란탄 탄투리치킨 시켯더용 ^.^ 남자친구가 카레를 조아해서 방문햇는데 머거봣던 난 중에서 제일 마싯는 것 같습니다 꿀난 치즈난 강추 !! 주말 한시 넘어서 와서 30분 정도 기다렸는데 사장님이 쇼맨십넘치셔서 지루하진않앗어요 히히,142,True,치킨 마크니 카레랑 자프란탄 탄투리치킨 시켯더용 남자친구가 카레를 조아해서 방문햇는데 머거봣던 난 중에서 제일 마싯는 것 같습니다 꿀난 치즈난 강추 주말 한시 넘어서 와서 30분 정도 기다렸는데 사장님이 쇼맨십넘치셔서 지루하진않앗어요 히히,"치킨, 마크니, 카레, 자프란탄, 탄투리치킨, 시켯더용, 남자, 친구, 카레, 조아, 방문, 치즈, 주말, 정도, 기다리, 사장, 쇼맨십, 넘치",,0,중립
페르시안궁전,아이스카푸치노73,16,2026.02.07,1번째 방문,영수증,"일단 분위기가 굉장히 이국적이에요. 날씨가 추워서 사람이 별로 없을 줄 알았는데 대기줄이 있어서 놀랐지만 금방 입장할 수 있었고, 대기하면서 미리 주문을 하는 시스템이라 자리에 앉고 나서 음식이 금방 나와서 좋았어요. 통닭정식과 추가로 난을 주문했는데 양이 많아요. 카레는 중간단계로 시켰는데 그렇게 맵지 않아 그 윗단계로 시켰어도 괜찮았을 것 같아요. 이색적인 분위기에서 식사를 해보고 싶으신 분께 추천합니다.",230,True,일단 분위기가 굉장히 이국적이에요 날씨가 추워서 사람이 별로 없을 줄 알았는데 대기줄이 있어서 놀랐지만 금방 입장할 수 있었고 대기하면서 미리 주문을 하는 시스템이라 자리에 앉고 나서 음식이 금방 나와서 좋았어요 통닭정식과 추가로 난을 주문했는데 양이 많아요 카레는 중간단계로 시켰는데 그렇게 맵지 않아 그 윗단계로 시켰어도 괜찮았을 것 같아요 이색적인 분위기에서 식사를 해보고 싶으신 분께 추천합니다,"분위기, 이국, 날씨, 사람, 대기, 놀라, 입장, 대기, 주문, 시스템, 자리, 음식, 나오, 통닭, 정식, 추가, 주문, 카레, 중간, 단계, 시키, 그렇, 단계, 괜찮, 이색, 분위기, 식사, 추천",추천,2,긍정
페르시안궁전,crpdm10,27,2026.02.05,1번째 방문,영수증,맛있는 인도커리를 먹을 수 있는 곳입니다! 예전부터 와보고 싶었는데 정말 맛있습니다 ㅎㅎ 라이스케이크와 함께 먹으면 더 맛있습니다!,73,True,맛있는 인도커리를 먹을 수 있는 곳입니다 예전부터 와보고 싶었는데 정말 맛있습니다 라이스케이크와 함께 먹으면 더 맛있습니다,"맛있, 인도커리, 예전, 맛있, 라이스, 케이크, 맛있","맛있, 맛있, 맛있",6,긍정
페르시안궁전,엄지원45,25,2026.02.03,1번째 방문,영수증,"엄청 유명한데라고 해서 왔는데, 왜 유명한지 알 것 같아요! 통닭정식 주문했는데, 통닭 겉바속촉이고 느끼하지 않아서 밥이랑 먹기 좋았어요. 정식 구성이라 한 끼로 든든합니다. 재방문하면 또 시킬 듯요. 매운맛 조절되는게 너무 좋아요!!",131,True,엄청 유명한데라고 해서 왔는데 왜 유명한지 알 것 같아요 통닭정식 주문했는데 통닭 겉바속촉이고 느끼하지 않아서 밥이랑 먹기 좋았어요 정식 구성이라 한 끼로 든든합니다 재방문하면 또 시킬 듯요 매운맛 조절되는게 너무 좋아요,"유명, 유명, 통닭, 정식, 주문, 통닭, 겉바속촉, 느끼하, 정식, 구성, 든든하, 방문, 시키, 매운맛, 조절",느끼,-1,부정
페르시안궁전,tes****,4,2026.02.01,1번째 방문,영수증,친구가 가보자고 해서 왔는데 커리랑 밥이 정말 맛있어요. 1시쯤 와서10분정도 대기했어요. 매운맛 2단계로 주문했고 은은하게 매콤한 맛이 깔끔하고 좋았습니다. 치킨이랑 카레가 잘 어울리네요. 맛있게 먹고왔어요,116,True,친구가 가보자고 해서 왔는데 커리랑 밥이 정말 맛있어요 1시쯤 와서10분정도 대기했어요 매운맛 2단계로 주문했고 은은하게 매콤한 맛이 깔끔하고 좋았습니다 치킨이랑 카레가 잘 어울리네요 맛있게 먹고왔어요,"친구, 커리, 맛있, 정도, 대기, 단계, 주문, 매콤하, 깔끔, 치킨, 카레, 어울리, 맛있","맛있, 깔끔, 맛있",6,긍정
페르시안궁전,하이이99,57,2026.02.01,1번째 방문,영수증,두들리님이 여러번 리뷰도 올리고 매번 드신다 하셔서 와봣는데 인테리어부터 기절 ㅋㅋㅋ 중동 온줄 알았고요. 카레도 너무 맛잇고 치킨도 엄청 실해여!,82,True,두들리님이 여러번 리뷰도 올리고 매번 드신다 하셔서 와봣는데 인테리어부터 기절 중동 온줄 알았고요 카레도 너무 맛잇고 치킨도 엄청 실해여,"두들리, 리뷰, 올리, 드시, 인테리어, 기절, 중동, 카레, 치킨, 실하",,0,중립
페르시안궁전,doodoomulmul,13,2026.01.31,1번째 방문,영수증,"성균관대 정문 앞 페르시아의 궁전에서 맛본 팔락 파니르는 시금치의 깊은 풍미와 고소한 치즈가 어우러져 커리의 정석을 보여주었습니다. 화덕에서 갓 구워져 나온 쫄깃한 난을 커리에 듬뿍 찍어 먹으니 이국적인 향신료의 매력이 입안 가득 퍼졌습니다. 식사 후 시원하고 달콤한 라씨로 깔끔하게 입가심을 하니, 마치 이란 현지 식당에 온 듯한 완벽한 미식 경험이었습니다.",201,True,성균관대 정문 앞 페르시아의 궁전에서 맛본 팔락 파니르는 시금치의 깊은 풍미와 고소한 치즈가 어우러져 커리의 정석을 보여주었습니다 화덕에서 갓 구워져 나온 쫄깃한 난을 커리에 듬뿍 찍어 먹으니 이국적인 향신료의 매력이 입안 가득 퍼졌습니다 식사 후 시원하고 달콤한 라씨로 깔끔하게 입가심을 하니 마치 이란 현지 식당에 온 듯한 완벽한 미식 경험이었습니다,"성균관대, 정문, 페르시아, 궁전, 맛보, 팔락, 파니르, 시금치, 풍미, 고소하, 치즈, 어우러지, 커리, 정석, 보이, 화덕, 나오, 커리, 이국, 향신료, 매력, 퍼지, 식사, 라씨, 입가심, 이란, 현지, 식당, 완벽, 미식, 경험",,0,중립
페르시안궁전,fre****,37,2026.01.31,1번째 방문,영수증,가끔식들렀던 페르시안궁전! 역시 예전맛 그대로! 예전분위기 그대로입니다. 맛도 맵기도.. 이전 느낌 그대로 쭉 커리 전통 지켜나가시는 커리장인이십니다 ㅋ 오늘도 맛있게 잘먹고 갑니다,101,True,가끔식들렀던 페르시안궁전 역시 예전맛 그대로 예전분위기 그대로입니다 맛도 맵기도 이전 느낌 그대로 쭉 커리 전통 지켜나가시는 커리장인이십니다 오늘도 맛있게 잘먹고 갑니다,"들르, 페르시안, 궁전, 예전, 예전, 분위기, 이전, 느낌, 커리, 전통, 지키, 나가, 커리, 장인, 오늘, 맛있",맛있,2,긍정
페르시안궁전,바잇블,79,2026.01.31,1번째 방문,영수증,한마리가 좀많을거같아서 다른맛으로시켯어요 탄두리치킨? 오우오우 너무맛잇어요 ...... 고급져 2.7 매우ㅏ요 3.0 매워요 매콤해서 매운거 못드심 많이쎌거같아요 저는 매워서 오히렻그극극그그극호 기다리는 장소가 잘 되어잇어서 너무좋앗답니당,133,True,한마리가 좀많을거같아서 다른맛으로시켯어요 탄두리치킨 오우오우 너무맛잇어요 고급져 2 7 매우 요 3 0 매워요 매콤해서 매운거 못드심 많이쎌거같아요 저는 매워서 오히렻그극극그그극호 기다리는 장소가 잘 되어잇어서 너무좋앗답니당,"마리, 시키, 탄두리치킨, 고급, 매콤하, 드시, 오히렻그극극그그극호, 기다리, 장소",,0,중립
페르시안궁전,boo****,39,2026.01.30,1번째 방문,영수증,와보고 싶었던 곳이었는데 기대만큼 맛있었어요ㅎㅎ! 맵기는 2.5 하니까 딱 맛있었구 난은 갈릭보다 허니가 맛있었어요. 내부 분위기도 현지 느낌나구 또또 가고 싶은 곳이었습니다,97,True,와보고 싶었던 곳이었는데 기대만큼 맛있었어요 맵기는 2 5 하니까 딱 맛있었구 난은 갈릭보다 허니가 맛있었어요 내부 분위기도 현지 느낌나구 또또 가고 싶은 곳이었습니다,"기대, 맛있, 맛있, 갈릭, 허니, 맛있, 내부, 분위기, 현지, 느낌","맛있, 맛있, 맛있",6,긍정
페르시안궁전,qkrehddnr,37,2026.01.30,1번째 방문,영수증,유튜브를 보고 방문한 페르시안 궁전입니다. 원래부터 명성은 알고 있었지만 진짜 제대로네요. 한국인 입맛에 딱 맞는 커리와 케밥입니다. 케밥 한 점 하고 맥주 한잔 들이키면 극락가는 맛있네요. 강추드립니다,113,True,유튜브를 보고 방문한 페르시안 궁전입니다 원래부터 명성은 알고 있었지만 진짜 제대로네요 한국인 입맛에 딱 맞는 커리와 케밥입니다 케밥 한 점 하고 맥주 한잔 들이키면 극락가는 맛있네요 강추드립니다,"유튜브, 방문, 페르시안, 궁전, 원래, 명성, 한국인, 입맛, 커리, 케밥, 케밥, 맥주, 들이키, 극락, 맛있, 드리",맛있,2,긍정
페르시안궁전,thw****,212,2026.01.30,1번째 방문,영수증,엄청 유명해서 고대하다가 왔어요 ㅎㅎ 비싼 인도 음식점 많이 가봤는데 여기가 가장 가성비도 좋고 맛있어요🥹 보통 인도음식 닭고기는 엄청 퍽퍽한데 여기는 야들야들해서 넘 좋네요 ㅎㅎ 집이랑 가까우면 맨날 포장해서 먹고싶어요!,124,True,엄청 유명해서 고대하다가 왔어요 비싼 인도 음식점 많이 가봤는데 여기가 가장 가성비도 좋고 맛있어요 보통 인도음식 닭고기는 엄청 퍽퍽한데 여기는 야들야들해서 넘 좋네요 집이랑 가까우면 맨날 포장해서 먹고싶어요,"유명, 고대, 비싸, 인도, 음식점, 여기, 가성비, 맛있, 인도, 음식, 닭고기, 퍽퍽하, 여기, 가깝, 포장","비싸, 가성비, 맛있",2,긍정
페르시안궁전,크런키빼빼로먹는중,21,2026.01.30,1번째 방문,영수증,친구가 예전부터 오고싶다고했던 페르시안 궁전에 드디어 오게됐습니다. 매장에서 완전 페르시안의 분위기가 느껴져서 신기했어요. 사장님이 완전 인싸에다가 친절하셔서 좋았어요. 커리는 2.5단계로 시켰고 허니난 추가했습니다. 맛있어요! 다음에는 케밥 먹으러 재방문할 예정입니다.,151,True,친구가 예전부터 오고싶다고했던 페르시안 궁전에 드디어 오게됐습니다 매장에서 완전 페르시안의 분위기가 느껴져서 신기했어요 사장님이 완전 인싸에다가 친절하셔서 좋았어요 커리는 2 5단계로 시켰고 허니난 추가했습니다 맛있어요 다음에는 케밥 먹으러 재방문할 예정입니다,"친구, 예전, 페르시안, 궁전, 매장, 페르시, 분위기, 느끼, 신기하, 사장, 인싸, 친절, 커리, 단계, 허니, 추가, 맛있, 다음, 케밥, 방문, 예정","느끼, 친절, 맛있",3,긍정
페르시안궁전,말차공쥬,45,2026.01.27,1번째 방문,영수증,"연극로 데이트를 나왔는데 갈만한 식당을 찾아보다가 찐맛집 같아 보여서 들어오게됐어요! 분위기도 완전 제대로라 좋았어요. 진짜 인도에 온 기분… 2인 세트 시켰는데 완전 향도 좋고 맛있어요. 맵기도 선택이 가능해서 취향껏 먹으면 되는데 저흰 2.2 신라면 맵기 단계 먹었는데 한국인 입맛에 딱이에요! 닭다리살도 야들야들하고… 닭을 한번 구웠는지! 빠싹한 부분도 있어서 좋았구, 살코기가 좀 많은 부분은 소스랑 같이 찍어먹으면 돼서 다 맛있게 먹을수 있어요!! 밥도 누룽지밥 스타일+꼬들꼬들st 라서… 진짜 맛있어요ㅠㅠ 자꾸 생각나는 맛이에요. 고민하시는 분들 꼭 한번 오셔보세요!! 다음에 오면 케밥도 먹어볼려구요. 또올거에요!!! 진짜요!!!!!",361,True,연극로 데이트를 나왔는데 갈만한 식당을 찾아보다가 찐맛집 같아 보여서 들어오게됐어요 분위기도 완전 제대로라 좋았어요 진짜 인도에 온 기분 2인 세트 시켰는데 완전 향도 좋고 맛있어요 맵기도 선택이 가능해서 취향껏 먹으면 되는데 저흰 2 2 신라면 맵기 단계 먹었는데 한국인 입맛에 딱이에요 닭다리살도 야들야들하고 닭을 한번 구웠는지 빠싹한 부분도 있어서 좋았구 살코기가 좀 많은 부분은 소스랑 같이 찍어먹으면 돼서 다 맛있게 먹을수 있어요 밥도 누룽지밥 스타일 꼬들꼬들 라서 진짜 맛있어요 자꾸 생각나는 맛이에요 고민하시는 분들 꼭 한번 오셔보세요 다음에 오면 케밥도 먹어볼려구요 또올거에요 진짜요,"연극, 데이트, 나오, 식당, 찾아보, 맛집, 보이, 들어오, 분위기, 인도, 기분, 세트, 시키, 맛있, 선택, 가능, 취향, 저희, 신라면, 단계, 한국인, 입맛, 다리, 부분, 살코기, 부분, 소스, 맛있, 누룽지, 스타일, 맛있, 생각나, 고민, 다음, 케밥","맛있, 맛있, 맛있",6,긍정
페르시안궁전,알맞은표현81,34,2026.01.27,1번째 방문,영수증,혜화역 맛집 인정입니다! 카레 닭한마리 세트 먹었는데 양도 많고 닭고기가 정말 부드러워요. 맵기 조절이 돼서 제 입맛에 딱 맞게 먹을 수 있는 게 큰 장점인 것 같습니다. 추가로 주문한 버터난도 고소해서 카레랑 찰떡궁합이네요. 재방문 의사 200%입니다!,142,True,혜화역 맛집 인정입니다 카레 닭한마리 세트 먹었는데 양도 많고 닭고기가 정말 부드러워요 맵기 조절이 돼서 제 입맛에 딱 맞게 먹을 수 있는 게 큰 장점인 것 같습니다 추가로 주문한 버터난도 고소해서 카레랑 찰떡궁합이네요 재방문 의사 200 입니다,"혜화역, 맛집, 인정, 카레, 마리, 세트, 닭고기, 부드럽, 조절, 입맛, 장점, 추가, 주문, 버터, 카레, 찰떡궁합, 방문, 의사",,0,중립
페르시안궁전,전서현6592,12,2026.01.27,1번째 방문,영수증,너무너무 맛있어요!! 혜화에서 젤 맛있는 카레집입니다. 초등학생 저학년때 부모님이랑 동생이랑 왔을때엔 매운카레는 커녕 동생이랑 둘이서 카래 하나를 나눠먹었어요. 그런데 10년이 지난 지금은 동생이랑 와서 먹고싶은 거 다먹는 어른이 되었어요. 그때나 지금이나 여전히 맛있습니다. 만약에 제가 외국인 친구를 사귄다면 한국맛집중 하나로 이 가게를 소개해주고 싶어요!ㅋㅋ,203,True,너무너무 맛있어요 혜화에서 젤 맛있는 카레집입니다 초등학생 저학년때 부모님이랑 동생이랑 왔을때엔 매운카레는 커녕 동생이랑 둘이서 카래 하나를 나눠먹었어요 그런데 10년이 지난 지금은 동생이랑 와서 먹고싶은 거 다먹는 어른이 되었어요 그때나 지금이나 여전히 맛있습니다 만약에 제가 외국인 친구를 사귄다면 한국맛집중 하나로 이 가게를 소개해주고 싶어요,"맛있, 혜화, 맛있, 카레, 초등학생, 학년, 부모, 동생, 카레, 동생, 카래, 하나, 나누, 지나, 지금, 동생, 어른, 그때, 지금, 맛있, 만약, 외국인, 친구, 사귀, 한국, 맛집, 하나, 가게, 소개","맛있, 맛있, 맛있",6,긍정
페르시안궁전,내꺼야7579,24,2026.01.24,1번째 방문,영수증,"매번 와보고 싶었는데 오늘 드디어 먹으러 왔습니다!! 기대했던 것처럼 존맛❤️ 밥이 바삭바삭한 게 굉장히 독특하고, 치킨 커리는 계속 생각날 것 같아요...왜 계속 사랑받는지 이해완료ㅋ̤̫ㅋ꙼̈ㅋ̤̮ㅋ̆̎ㅋ̤̻",117,True,매번 와보고 싶었는데 오늘 드디어 먹으러 왔습니다 기대했던 것처럼 존맛 밥이 바삭바삭한 게 굉장히 독특하고 치킨 커리는 계속 생각날 것 같아요 왜 계속 사랑받는지 이해완료,"기대, 독특, 치킨, 커리, 생각나, 사랑, 이해, 완료",,0,중립
페르시안궁전,jade62,70,2026.01.20,1번째 방문,예약,정말 오랫동안 다닌 페르시안궁전! 20대부터 20년 넘게 다닌 곳. 서울 곳곳이 휙휙 바뀌는 중에도 오랫동안 그때 분위기 유지하며 성업하는 찐 맛집. 어디에서도 맛보기 어려운 오묘한 카레맛이...개인적으로 양고기 거부감 없는 분은 양고기카레 추천!,138,True,정말 오랫동안 다닌 페르시안궁전 20대부터 20년 넘게 다닌 곳 서울 곳곳이 휙휙 바뀌는 중에도 오랫동안 그때 분위기 유지하며 성업하는 찐 맛집 어디에서도 맛보기 어려운 오묘한 카레맛이 개인적으로 양고기 거부감 없는 분은 양고기카레 추천,"오랫동안, 다니, 페르시안궁전, 다니, 서울, 곳곳, 바뀌, 오랫동안, 분위기, 유지, 성업, 맛집, 어디, 맛보, 어렵, 카레, 개인, 양고기, 거부감, 양고기, 카레, 추천",추천,2,긍정
페르시안궁전,jjjj84,16,2026.01.17,1번째 방문,영수증,"인도에 가본 적은 없지만, 현지 느낌이 물씬 나는 인도 음식점입니당 🇮🇳✨ 향신료 향도 부담 없고 음식이 정말 맛있어요 😋🍛 사장님도 너무 친절하셔서 기분 좋게 먹을 수 있었어요 다음에도 또 와서 다른 음식도 먹어보고 싶어요!😊👍",128,True,인도에 가본 적은 없지만 현지 느낌이 물씬 나는 인도 음식점입니당 향신료 향도 부담 없고 음식이 정말 맛있어요 사장님도 너무 친절하셔서 기분 좋게 먹을 수 있었어요 다음에도 또 와서 다른 음식도 먹어보고 싶어요,"인도, 현지, 느낌, 인도, 음식점, 향신료, 부담, 음식, 맛있, 사장, 친절, 기분, 다음, 음식","맛있, 친절",4,긍정
페르시안궁전,에르제니코88,25,2026.01.17,1번째 방문,영수증,"학생 때 오고 나서 종종 찾는 페르시아궁전, 인도 커리와는 또 좀 다른 느낌의 페르시아 커리도 있고, 익숙한 느낌의 인도 커리에 기까운 맛도 있어요. 맛있게 잘 먹었습니다. 이번엔 치킨 반마리인데 담엔 치킨 정식으로!!",122,True,학생 때 오고 나서 종종 찾는 페르시아궁전 인도 커리와는 또 좀 다른 느낌의 페르시아 커리도 있고 익숙한 느낌의 인도 커리에 기까운 맛도 있어요 맛있게 잘 먹었습니다 이번엔 치킨 반마리인데 담엔 치킨 정식으로,"학생, 페르시아, 궁전, 인도, 커리, 다르, 느낌, 페르시아, 커리, 느낌, 인도, 커리, 까운, 맛있, 이번, 치킨, 마리, 치킨, 정식",맛있,2,긍정
페르시안궁전,코쏘,707,2026.01.17,1번째 방문,영수증,이국적인 느낌의 카레 튀긴 밥이랑 카레랑 닭고기랑 얹어 먹으니 우왕 소리 나와요 오.. 그냥 카레인가 싶을 때마다 하나씩 오묘한 킥이 있구요 치즈 난은 고소한 게 딱 좋았고 라씨는 너무 맛있어요!!!!!!!!!!!!!!!!!! 다음에 시금치 커리 류나 먹으러 와야겠어요 제 부모님이 대학생 시절 오셨던 곳인데 신기방기하네욤,180,True,이국적인 느낌의 카레 튀긴 밥이랑 카레랑 닭고기랑 얹어 먹으니 우왕 소리 나와요 오 그냥 카레인가 싶을 때마다 하나씩 오묘한 킥이 있구요 치즈 난은 고소한 게 딱 좋았고 라씨는 너무 맛있어요 다음에 시금치 커리 류나 먹으러 와야겠어요 제 부모님이 대학생 시절 오셨던 곳인데 신기방기하네욤,"이국, 느낌, 카레, 튀기, 카레, 닭고기, 우왕, 소리, 나오, 카레, 하나, 치즈, 맛있, 다음, 시금치, 커리, 부모, 대학, 시절, 신기, 방기",맛있,2,긍정
페르시안궁전,세인트밀,113,2026.01.16,1번째 방문,영수증,카레 먹으러 왔다가 케밥 보자마자 바로 주문했어요...터키 놀러갔다가 먹었던 그 케밥 맛 그대로여서 너무 반가웠어요...다음에도 또 케밥 먹으러 올듯...분위기도 넘 신기하고 직원분도 친절하셔서 가까이 있으면 자주 가고 싶어요🥹,127,True,카레 먹으러 왔다가 케밥 보자마자 바로 주문했어요 터키 놀러갔다가 먹었던 그 케밥 맛 그대로여서 너무 반가웠어요 다음에도 또 케밥 먹으러 올듯 분위기도 넘 신기하고 직원분도 친절하셔서 가까이 있으면 자주 가고 싶어요,"카레, 케밥, 주문, 터키, 케밥, 반갑, 다음, 분위기, 신기하, 직원, 친절",친절,2,긍정
페르시안궁전,항공나눔,99,2026.01.16,1번째 방문,영수증,현지의 맛입니다! 혹시 아이랑 오신다면 미리 말씀하시면 카레의 매움정도를 닭 부위와 함께 별도로 주문도 가능하다고 합니다. 저희도 사장님의 친절함으로 살짝 매콤한맛과 아이용맛 두가지 카레로 먹었습니다. 특히 난과 같이 먹으니 너무 맛있어요! 독특한 분위기로 여행온 느낌입니다!,154,True,현지의 맛입니다 혹시 아이랑 오신다면 미리 말씀하시면 카레의 매움정도를 닭 부위와 함께 별도로 주문도 가능하다고 합니다 저희도 사장님의 친절함으로 살짝 매콤한맛과 아이용맛 두가지 카레로 먹었습니다 특히 난과 같이 먹으니 너무 맛있어요 독특한 분위기로 여행온 느낌입니다,"현지, 아이, 말씀, 카레, 정도, 부위, 별도, 주문, 가능, 저희, 사장, 친절, 매콤하, 아이, 가지, 카레, 맛있, 독특, 분위기, 여행, 느낌","친절, 맛있",4,긍정
페르시안궁전,Ehdwls,23,2026.01.13,1번째 방문,영수증,"치킨커리 먹었는데 진짜 맛있었어요! 커리가 꾸덕하고 진해서 밥이랑 먹기 딱 좋고, 안에 야채도 큼직하게 들어가 있어서 식감도 좋았습니다. 특히 치킨이 뼈째로 들어가 있는데 퍽퍽하지 않고 부드럽게 잘 익어서 만족했어요. 전체적으로 간도 딱 적당하고 향신료 부담도 심하지 않아서 누구나 맛있게 먹을 수 있을 것 같아요. 다음에 또 먹으러 올게요!",191,True,치킨커리 먹었는데 진짜 맛있었어요 커리가 꾸덕하고 진해서 밥이랑 먹기 딱 좋고 안에 야채도 큼직하게 들어가 있어서 식감도 좋았습니다 특히 치킨이 뼈째로 들어가 있는데 퍽퍽하지 않고 부드럽게 잘 익어서 만족했어요 전체적으로 간도 딱 적당하고 향신료 부담도 심하지 않아서 누구나 맛있게 먹을 수 있을 것 같아요 다음에 또 먹으러 올게요,"치킨커리, 맛있, 커리, 꾸덕, 진하, 야채, 들어가, 식감, 치킨, 들어가, 퍽퍽하, 부드럽, 만족, 전체, 향신료, 부담, 심하, 누구, 맛있, 다음","맛있, 만족, 맛있",6,긍정
페르시안궁전,aallis,53,2026.01.11,1번째 방문,영수증,너무 맛있어요!! 들어가자마자 사장님이 친절한게 안내해주셔서 편하게 웨이팅하다가 들어왔어요 통닭카레랑 양고기 카레 3명이서 먹었는데 양이 좋았어요!! 버터난도 추가해서 먹었는데 다음에 오면 다른 난도 꼭 먹어봐야겠어요 카레 좋아하시면 진짜 추천!!👍🏻💖🥰,142,True,너무 맛있어요 들어가자마자 사장님이 친절한게 안내해주셔서 편하게 웨이팅하다가 들어왔어요 통닭카레랑 양고기 카레 3명이서 먹었는데 양이 좋았어요 버터난도 추가해서 먹었는데 다음에 오면 다른 난도 꼭 먹어봐야겠어요 카레 좋아하시면 진짜 추천,"맛있, 들어가, 사장, 친절, 안내, 편하, 웨이팅, 들어오, 통닭, 카레, 양고기, 카레, 버터, 추가, 다음, 카레, 좋아하, 추천","맛있, 친절, 좋, 추천",8,긍정
페르시안궁전,배볼록요정,35,2026.01.10,1번째 방문,영수증,"식당에 들어와서부터 손님을 배려한다는 마음이 느껴져서 기다리는 시간이 너무 편안했어요!!! 대기공간의 의자, 히터, 패딩커튼?까지 너무 세심하신 거 있죠~!! 30분 정도 대기 후에 주문하고는 음식 나오기까지 5분? 10분도 안 걸렸어요!!! 음식도 하나같이 너무 맛있구우!!ㅠㅠ 사장님과 직원분들의 친절함에 너무 행복한 식사 시간 보내고 갑니다!-!ㅎㅎㅎㅎ 너무 추천해요~~~~🌻",213,True,식당에 들어와서부터 손님을 배려한다는 마음이 느껴져서 기다리는 시간이 너무 편안했어요 대기공간의 의자 히터 패딩커튼 까지 너무 세심하신 거 있죠 30분 정도 대기 후에 주문하고는 음식 나오기까지 5분 10분도 안 걸렸어요 음식도 하나같이 너무 맛있구우 사장님과 직원분들의 친절함에 너무 행복한 식사 시간 보내고 갑니다 너무 추천해요,"식당, 들어오, 배려, 마음, 느끼, 기다리, 시간, 편안, 대기, 공간, 의자, 히터, 패딩, 커튼, 정도, 대기, 주문, 음식, 나오, 걸리, 음식, 맛있, 사장, 직원, 친절, 행복, 식사, 시간, 보내, 추천","느끼, 맛있, 친절, 추천",5,긍정
페르시안궁전,별해61,957,2026.01.10,1번째 방문,영수증,맛있는 치킨카레 먹으러 방문했어요 ㅎㅎ 인기 진짜 많네요 점심때 딱 아닌데도 1시간 이상 기다렸어요 근데 진짜 맛있어요 ㅋㅋㅋㅋㅋㅋ!!!!!!!! 버터난이랑 라씨 추가 꼭 하세요-!!! + 카레 추가도 무조건🩵🩵🩵🩵🩵 포장해갈랬더니 주말이라 넘 바빠서 포장 거절당한ㅠ 근처 오면 꼭 들러보세용,163,True,맛있는 치킨카레 먹으러 방문했어요 인기 진짜 많네요 점심때 딱 아닌데도 1시간 이상 기다렸어요 근데 진짜 맛있어요 버터난이랑 라씨 추가 꼭 하세요 카레 추가도 무조건 포장해갈랬더니 주말이라 넘 바빠서 포장 거절당한 근처 오면 꼭 들러보세용,"맛있, 치킨, 카레, 방문, 인기, 점심, 아니, 시간, 이상, 기다리, 맛있, 버터, 추가, 카레, 추가, 포장, 주말, 바쁘, 포장, 거절, 근처, 들르","맛있, 맛있",4,긍정
페르시안궁전,moo****,24,2026.01.08,1번째 방문,영수증,"내부 인테리어 부터 시선을 압도하는 공간입니다. 너무 맛있어서 카레 좋아하신다면 무조건 추천이구요. 테이블도 넓고 쾌적해서 한테이블에 3명에서 4명까지 이용하기에도 너무 좋아요. 카레 먹을 때 난을 추가해서 드시는 것을 추천드립니다. 독특한 인테리어 덕분에 데이트 코스로도 좋고, 카레가 생각날 때 방문할 예정입니다.",177,True,내부 인테리어 부터 시선을 압도하는 공간입니다 너무 맛있어서 카레 좋아하신다면 무조건 추천이구요 테이블도 넓고 쾌적해서 한테이블에 3명에서 4명까지 이용하기에도 너무 좋아요 카레 먹을 때 난을 추가해서 드시는 것을 추천드립니다 독특한 인테리어 덕분에 데이트 코스로도 좋고 카레가 생각날 때 방문할 예정입니다,"내부, 인테리어, 시선, 압도, 공간, 맛있, 카레, 좋아하, 추천, 테이블, 테이블, 이용, 카레, 추가, 드시, 추천, 드리, 독특, 인테리어, 덕분, 데이트, 코스, 카레, 생각나, 방문, 예정","맛있, 좋, 추천, 추천",8,긍정
페르시안궁전,18023,28,2026.01.06,1번째 방문,영수증,"소문듣고 방문했습니다! 제가 향신료를 좀 가려서 걱정했었는데 커리 마지막까지 싹 긁어먹을정도로 맛있게 먹었습니다😃 버터 난으로 먹어봤는데 마늘 난, 탄두리 난, 치즈 난 등 종류가 많아서 다 먹어보고 싶었습니다!",118,True,소문듣고 방문했습니다 제가 향신료를 좀 가려서 걱정했었는데 커리 마지막까지 싹 긁어먹을정도로 맛있게 먹었습니다 버터 난으로 먹어봤는데 마늘 난 탄두리 난 치즈 난 등 종류가 많아서 다 먹어보고 싶었습니다,"소문, 방문, 향신료, 가리, 걱정, 커리, 마지막, 정도, 맛있, 버터, 마늘, 탄두, 치즈, 종류",맛있,2,긍정
페르시안궁전,Master1227,114,2026.01.03,1번째 방문,영수증,"문을 열고 들어서자마자 은은한 향신료 향과 따뜻한 조명이 어우러져, 마치 여행지의 한 장면 속으로 들어온 기분이 들었습니다. 이번에 주문한 메뉴는 닭한마리 사랑세트. 닭은 속살까지 부드럽고 잡내 없이 깔끔하게 익어 있었고, 국물은 진하고 깊은 맛이 나면서도 느끼하지 않았습니다. 향신료 향이 은은하게 배어 있어 한입 한입이 굉장히 이색적이면서도 편안했습니다. 사이드 메뉴들도 정갈하고, 밸런스가 좋았습니다. 함께 나오는 소스와 곁들임이 음식의 풍미를 살려줘서 마지막까지 숟가락을 놓기 어려웠습니다. 직원분들도 친절하고 세심하게 챙겨주셔서 식사 내내 기분 좋게 머물 수 있었습니다.",324,True,문을 열고 들어서자마자 은은한 향신료 향과 따뜻한 조명이 어우러져 마치 여행지의 한 장면 속으로 들어온 기분이 들었습니다 이번에 주문한 메뉴는 닭한마리 사랑세트 닭은 속살까지 부드럽고 잡내 없이 깔끔하게 익어 있었고 국물은 진하고 깊은 맛이 나면서도 느끼하지 않았습니다 향신료 향이 은은하게 배어 있어 한입 한입이 굉장히 이색적이면서도 편안했습니다 사이드 메뉴들도 정갈하고 밸런스가 좋았습니다 함께 나오는 소스와 곁들임이 음식의 풍미를 살려줘서 마지막까지 숟가락을 놓기 어려웠습니다 직원분들도 친절하고 세심하게 챙겨주셔서 식사 내내 기분 좋게 머물 수 있었습니다,"들어서, 향신료, 조명, 어우러지, 여행지, 장면, 들어오, 기분, 이번, 주문, 메뉴, 마리, 사랑, 세트, 속살, 부드럽, 잡내, 깔끔, 국물, 진하, 향신료, 이색, 편안, 사이드, 메뉴, 밸런스, 나오, 소스, 곁들이, 음식, 풍미, 살리, 마지막, 숟가락, 어렵, 직원, 친절, 챙기, 식사, 기분, 머물","깔끔, 친절",4,긍정
페르시안궁전,돈 벌자 밥 먹어야지,60,2026.01.02,1번째 방문,영수증,마지막 사진 봐주세요. 못먹는거빼고 다 먹었어요ㅋ 원래 카레를 진짜 좋아하는데 현지식은 처음 먹어봤구요 거부감 없는 친근한 맛인데 치킨이 개큰 킥이에요 맵기 2.2단계는 먹다보면 살짝 칼칼해서 딱이에요 👍 치킨이랑 난이 쫄깃하고 고소해서 솔직히 담에 간다면 난만 왕창 먹고싶어요ㅋ 밥은 한국 쌀과 비교하면 무맛..?에 가까웠고 식으면 딱딱하거든요 근데 첨가보시면 드셔보시는거 추천. 라씨는 시콤한 요거트 마시는 맛입니다 . 리뷰이벤트로 하나 드셔보세요 먼저 입구에 들어오자마자 오른쪽에 t오더로 주문하고 자리 안내해주시면 자리에 계시면 됩니다! 화장실은 계단 내려가시면 있어요,322,True,마지막 사진 봐주세요 못먹는거빼고 다 먹었어요 원래 카레를 진짜 좋아하는데 현지식은 처음 먹어봤구요 거부감 없는 친근한 맛인데 치킨이 개큰 킥이에요 맵기 2 2단계는 먹다보면 살짝 칼칼해서 딱이에요 치킨이랑 난이 쫄깃하고 고소해서 솔직히 담에 간다면 난만 왕창 먹고싶어요 밥은 한국 쌀과 비교하면 무맛 에 가까웠고 식으면 딱딱하거든요 근데 첨가보시면 드셔보시는거 추천 라씨는 시콤한 요거트 마시는 맛입니다 리뷰이벤트로 하나 드셔보세요 먼저 입구에 들어오자마자 오른쪽에 오더로 주문하고 자리 안내해주시면 자리에 계시면 됩니다 화장실은 계단 내려가시면 있어요,"마지막, 사진, 카레, 좋아하, 현지, 처음, 거부감, 치킨, 단계, 칼칼하, 치킨, 쫄깃하, 고소하, 한국, 비교, 가깝, 딱딱하, 드시, 추천, 시코, 요거트, 마시, 리뷰, 이벤트, 하나, 드시, 입구, 들어오, 오른쪽, 오더, 주문, 자리, 안내, 자리, 계시, 화장실, 계단, 내려가","좋, 추천",4,긍정
페르시안궁전,떠나자아,35,2026.01.01,6번째 방문,영수증,브타지나자마자 바로 들어왔어요ㅋ오늘 라이스케이크가 좀 맛없어보이게 나왔지만 너무 맛있게 잘먹었습니다~2.7이 조금 덜매워서 3.0카레 추가해서 먹었는데도 싹 먹었어요~20년쯤?단골인데 오늘도 맛나게 잘먹었습니다!!또올께요,123,True,브타지나자마자 바로 들어왔어요 오늘 라이스케이크가 좀 맛없어보이게 나왔지만 너무 맛있게 잘먹었습니다 2 7이 조금 덜매워서 3 0카레 추가해서 먹었는데도 싹 먹었어요 20년쯤 단골인데 오늘도 맛나게 잘먹었습니다 또올께요,"브타, 지나, 들어오, 라이스, 케이크, 맛없, 보이, 나오, 맛있, 카레, 추가, 단골, 오늘, 맛나","맛없, 맛있",0,중립
페르시안궁전,tnd****,49,2025.12.29,1번째 방문,영수증,예전에 유튜브에서 보고 가보고 싶다고 생각했는데 이번 서울 여행 오면서 방문했습니다! 직원분들이 너무 친절하시고 음식 맛도 너무너무 맛있고 최고에요👍🏻 다음에 또 올게요 감사합니다🥹,101,True,예전에 유튜브에서 보고 가보고 싶다고 생각했는데 이번 서울 여행 오면서 방문했습니다 직원분들이 너무 친절하시고 음식 맛도 너무너무 맛있고 최고에요 다음에 또 올게요 감사합니다,"예전, 유튜브, 생각, 이번, 서울, 여행, 방문, 직원, 친절, 음식, 맛있, 최고, 다음, 감사","친절, 맛있, 최고",7,긍정
